0.544,-0.507,0.407,0.147,-0.815,0.008,0.499,0.646,-0.057,0.533,0.255,0.238,-0.041,-0.391,-0.507,0.501,-0.296,-0.311,-0.887,0.050,-0.352,-0.834,0.247,0.711,-0.026,1.606,-0.008,0.074,-0.084,0.295,0.082,-0.649,-0.386,-0.596,0.267,0.383,0.971,0.330,0.070,-0.651,-0.320,-0.515,0.536,0.194,-0.171,-0.027,0.004,-0.302,0.128,-0.093,0.081,-0.328,-0.114,-0.273,1.027,0.302,-0.302,0.131,-0.244,-1.263,0.917,-0.792,-0.195,-0.260,-0.043,1.943,0.099,0.137,-0.275,0.916,-0.046,0.383,-0.113,0.409,-0.396,-0.023,0.287,0.098,-0.117,-0.084,0.253,0.551,-0.136,-0.487,-0.841,-0.094,0.345,0.301,0.146,-0.087,-0.024,-0.172,-0.018,0.301,0.305,-0.928,-0.471,0.127,-0.199,-0.256,1.336,1.417,0.084,0.253,-0.136,0.176,-0.373,-0.284,0.428,-0.285,-0.044,-0.282,0.032,-0.083,0.070,0.171,0.080,0.076,-0.042,0.296,-0.090,0.463,-2.994,0.441,-0.286,-0.034,1.132,0.974,0.176,-0.145,0.488,-0.932,-0.382,-0.199,0.313,-0.715,-0.404,0.064,0.225,0.094,-0.177,-0.190,0.309,0.055,0.135,-0.066,1.126,-0.219,-0.310,-1.026,0.079,0.430,0.253,0.288,0.366,0.074,0.199,0.290,0.475,0.143,0.310,-0.060,0.552,-0.140,0.129,-1.036,0.938,-0.786,0.237,-0.357,2.161,0.426,-1.007,0.219,-0.991,-0.355,-0.404,0.557,-0.296,-0.288,-0.359,-0.574,-0.707,0.379,0.394,0.084,0.048,0.071,0.060,0.671,0.287,0.664,0.033,-0.525,-0.713,0.243,-0.602,-0.098,-0.223,-0.611
0.756,0.097,0.697,-0.292,-1.236,-0.382,-0.065,0.386,-0.088,0.488,0.118,-0.352,-0.050,-0.212,0.153,0.687,-0.416,-0.440,-0.818,0.318,-0.154,-0.313,1.220,0.211,0.050,0.280,-0.124,0.347,-0.671,0.886,0.134,-0.806,-0.672,0.233,0.445,0.279,0.547,0.513,0.220,-0.438,-0.682,-0.345,0.376,0.050,0.175,-0.004,0.017,-0.065,0.242,-0.461,-0.350,0.298,-0.626,-0.287,0.355,0.592,-0.152,0.140,-0.269,-1.635,0.405,-0.991,-0.048,0.042,-0.817,2.013,-0.029,0.311,0.151,1.406,0.507,-0.182,-0.716,0.517,-0.394,-0.504,0.194,-0.066,-0.557,-0.306,-0.123,0.403,0.249,-0.736,0.028,0.318,0.095,0.347,-0.123,-0.134,-0.279,-0.243,0.164,0.215,0.061,-0.857,-0.712,-0.281,-0.723,-0.140,1.412,1.850,0.272,0.143,0.053,0.138,-0.272,-0.057,0.434,0.151,0.148,-0.093,-0.320,-0.221,-0.350,-0.235,0.214,-1.001,-0.108,0.168,0.161,0.010,-3.403,0.073,-0.664,0.479,1.166,0.398,0.592,0.462,-0.015,-0.373,-0.261,-0.383,0.156,-0.107,-0.147,0.057,0.295,0.466,0.174,0.176,-0.004,-0.509,0.389,0.066,1.104,-0.595,0.181,-1.103,0.303,0.404,0.528,0.020,-1.169,-0.061,-0.402,0.201,1.003,0.412,0.985,0.027,-0.032,-0.505,-0.068,-1.032,0.397,-0.240,-0.535,0.425,1.527,0.375,-0.187,0.149,-0.813,-0.241,-0.107,0.274,-0.565,-0.526,-0.197,-0.842,-0.537,0.408,0.237,-0.067,0.167,0.121,-0.082,0.809,0.345,0.371,0.387,-0.340,-0.768,0.255,-0.533,-0.233,-0.518,-0.708
-0.280,0.749,0.582,-0.208,-0.439,-0.435,-0.430,-0.023,0.097,-0.363,-0.387,0.488,0.178,0.363,-0.464,-0.025,0.187,-0.122,0.397,0.377,0.249,0.059,0.019,-0.049,-0.304,0.804,-1.339,0.367,-0.112,0.174,-0.138,0.413,-0.126,0.128,-0.296,-0.096,-0.248,-0.803,-0.021,-0.417,0.991,-0.181,-0.055,-0.040,-0.141,0.033,0.306,-0.125,-0.292,-0.423,-0.068,-1.155,-0.138,-0.011,0.402,0.292,-0.229,0.356,-0.030,-0.237,0.396,0.413,-0.150,-0.388,-0.909,-1.306,0.198,0.023,-0.322,-1.566,-0.325,-0.078,0.143,0.021,0.007,-0.120,-0.146,0.977,0.894,1.701,-0.455,-1.254,-0.592,-1.998,-1.472,-0.326,-0.143,0.255,0.573,-0.276,0.214,-0.067,0.060,-0.412,-0.909,-0.215,0.513,0.563,0.556,-0.087,-0.392,-0.220,-0.714,0.442,1.239,0.259,-0.016,-0.923,-0.559,-0.540,0.531,0.038,0.219,0.067,0.381,0.477,0.012,0.454,0.223,0.215,0.216,0.309,0.140,0.142,0.640,0.094,-0.200,0.164,-0.642,-0.210,0.448,0.361,0.221,0.286,-0.074,-0.263,0.027,-0.491,-0.434,-1.321,0.157,0.028,-0.415,0.652,-0.583,-0.107,0.150,0.488,0.718,0.532,0.753,0.376,-0.220,0.049,0.533,-0.347,-0.029,-0.144,-0.776,-0.026,0.230,-0.137,0.082,0.327,0.468,0.993,-0.321,0.377,-0.169,1.133,-0.046,0.158,-0.147,-0.304,0.174,-0.194,0.736,0.824,-0.603,-0.001,-0.314,-0.111,-0.055,-0.425,-0.951,0.295,-0.068,0.356,-0.103,0.288,-0.014,0.361,-0.010,-0.043,0.532,0.193,0.018,0.054,0.674,0.533
-0.404,-0.031,1.587,-0.007,-0.699,-0.507,-0.464,0.752,0.371,0.627,0.137,-0.716,0.003,0.286,0.024,-0.323,0.084,0.099,0.071,-0.082,0.050,0.157,-0.022,0.405,-1.055,-0.380,-0.441,0.327,-0.653,-0.382,-0.017,-0.476,0.077,-0.249,0.560,-0.918,-0.090,0.626,-0.903,-0.530,-0.638,0.380,-0.435,-0.470,0.250,0.097,0.452,-0.191,-0.532,-0.951,0.576,0.030,0.341,-0.154,-0.326,0.591,-0.123,0.001,0.408,-0.436,0.277,-0.344,-0.489,-0.106,0.848,0.571,0.482,0.067,0.864,1.212,0.112,-0.050,-0.221,-0.462,-0.040,-0.039,0.204,0.980,1.675,0.062,0.071,0.056,0.581,-0.490,0.154,0.352,0.155,-0.505,0.541,0.201,-0.065,-0.042,-0.153,0.051,0.835,0.102,-0.431,-0.629,-0.425,-0.589,0.311,-0.337,-0.725,-0.168,-0.687,0.384,-0.515,-0.372,-0.113,0.354,-0.022,-0.971,0.317,0.519,-0.028,0.085,0.205,0.344,-0.642,-0.187,0.114,-0.423,0.056,0.268,-0.627,-0.305,1.198,0.261,-0.015,-0.719,0.043,-0.213,0.252,0.229,-0.077,0.538,-0.326,0.274,0.192,0.092,0.199,0.007,-0.277,-0.372,0.641,0.743,0.016,-0.055,0.402,-0.566,0.274,-0.340,-0.328,0.123,-0.979,0.724,0.127,0.045,0.602,0.462,0.697,0.579,0.189,0.535,0.279,-0.025,0.959,0.241,-0.037,-0.344,1.338,0.052,0.122,0.609,0.008,-0.106,2.197,1.235,0.015,0.198,-0.040,-0.090,0.044,-0.721,0.341,-0.269,-0.919,0.097,0.325,-0.833,-0.148,0.280,0.093,-0.499,-0.303,-0.460,0.189,-0.288,-0.231,-0.471
-1.111,0.783,1.365,0.842,0.020,-0.812,0.917,0.450,0.201,0.264,-0.237,-0.245,0.098,-0.166,0.279,0.070,0.525,0.188,0.332,-1.424,0.768,0.527,-0.473,-0.403,-0.172,-1.073,0.440,-0.014,0.408,0.235,0.155,-0.182,0.207,0.064,1.072,-0.091,0.083,0.346,-0.513,-0.458,-0.807,0.022,-0.595,-0.226,-0.317,0.080,0.286,0.132,-0.205,-0.366,0.866,0.628,0.386,0.242,0.921,0.286,0.346,-0.381,0.206,-0.098,-0.515,-0.155,-0.455,0.242,1.124,0.426,-1.249,-0.366,-0.258,0.541,1.083,0.344,0.576,0.467,-0.085,0.034,-0.474,-0.514,-0.156,-0.019,0.083,0.520,0.547,-1.014,0.487,-0.044,0.391,-0.389,-0.518,0.157,-0.140,0.225,-0.396,-0.243,0.411,0.674,-0.250,-0.393,-0.519,-0.238,0.691,0.528,0.388,-0.294,-0.373,-0.087,0.108,0.837,-0.116,0.531,-0.024,-0.376,0.663,-0.188,-0.245,-0.911,0.022,0.272,-0.279,0.189,0.108,-0.215,-0.003,0.414,0.368,-0.793,-0.018,-0.113,-0.204,-0.444,0.547,-0.505,0.267,0.236,-0.117,0.844,0.169,0.198,-0.251,-0.110,-0.459,-0.550,-0.018,-0.346,0.380,0.661,-0.300,0.422,-0.146,0.252,0.491,-0.667,-1.261,0.318,0.028,0.686,-0.286,-0.135,1.103,-0.386,0.389,0.182,-0.265,0.669,0.112,1.453,0.817,0.325,0.154,-1.208,-1.415,0.015,0.104,0.168,-0.073,-0.360,1.350,-0.071,-0.210,0.360,-0.010,0.692,0.234,0.254,-0.390,-0.363,-0.352,-0.191,0.256,-0.852,-0.140,-0.465,0.123,-0.194,-1.508,-0.452,0.478,0.034,-0.055,0.065
-0.222,-0.123,0.369,-1.251,-0.504,0.972,-0.581,0.100,0.071,0.015,-0.113,0.688,-0.195,0.231,-0.270,-0.377,-1.082,-0.133,-0.002,-0.704,0.057,0.221,0.398,-0.743,0.366,1.406,-0.073,-0.279,-0.139,-0.202,-0.119,-0.011,-0.300,-0.855,-0.905,0.433,-0.534,-0.724,0.335,-0.734,-0.141,-0.594,0.116,0.208,-0.048,-0.180,0.428,0.001,-0.173,0.046,-0.254,-0.773,0.008,-0.558,0.366,-0.285,-0.509,0.402,-0.253,-1.478,0.825,-0.439,0.297,-0.492,-1.112,0.074,-0.341,-0.207,0.174,0.036,0.266,-0.153,0.475,0.051,-0.229,-0.373,0.003,0.153,0.097,0.973,-0.183,-0.031,-0.199,-1.287,-1.304,-0.419,0.560,0.340,-0.183,-0.513,0.602,-0.065,-0.155,0.001,-1.056,-0.730,0.117,0.208,-0.343,-0.066,0.489,0.108,-0.482,-0.471,-0.373,0.098,-0.303,-0.489,0.059,-0.403,0.659,0.280,0.282,-0.003,0.415,-0.009,-0.676,-0.232,0.411,0.285,-0.101,0.271,-0.456,-0.276,0.835,0.704,0.232,0.011,-0.181,0.106,0.136,-0.262,-0.175,-0.088,0.290,-0.479,-0.194,-0.487,-0.261,-0.482,0.220,0.198,0.297,0.535,-0.701,-0.369,0.481,0.224,-0.091,-0.155,2.664,0.402,-0.064,0.212,0.121,-0.666,-0.119,0.073,-2.153,-0.293,1.038,-0.331,0.131,0.081,0.736,0.117,0.082,-0.276,0.126,-0.589,0.366,-0.144,0.168,-0.041,-0.362,-0.513,-0.900,0.518,-0.916,0.063,-0.142,-0.566,-0.387,0.131,-0.296,0.292,0.386,0.078,-0.422,0.577,0.126,0.519,-0.236,0.211,-0.042,0.172,0.302,0.071,-0.411,0.414
0.515,0.472,0.447,-0.762,-1.249,-0.011,0.424,-0.003,0.175,0.807,0.255,-0.259,-0.382,0.029,-0.145,0.156,-0.284,0.129,-0.563,0.846,-0.193,0.481,0.232,0.454,-0.637,-0.523,-0.964,-0.477,-0.240,0.547,0.670,-0.602,-0.770,-0.571,-0.400,0.377,0.885,0.660,0.354,-0.647,-0.359,0.313,0.149,0.074,0.347,0.101,0.261,0.203,-0.164,-0.080,-0.036,0.602,-0.058,-0.273,-1.074,0.630,0.358,0.260,-0.086,-1.313,0.380,-1.264,-0.268,0.216,0.284,1.108,-0.048,-0.208,0.412,0.484,-0.357,-0.121,0.170,0.298,-0.287,-0.493,0.068,-0.197,-0.361,-0.115,0.171,0.450,0.266,-0.541,-0.199,0.197,0.333,0.201,-0.125,0.259,0.022,-0.033,-0.119,0.202,0.964,-0.317,-0.476,-0.147,0.189,-0.328,0.148,0.411,-0.077,-0.066,0.101,0.199,-0.613,-0.731,0.654,0.247,0.508,-0.614,-0.152,-0.239,-0.372,-0.378,-0.241,-0.244,0.025,-0.343,0.115,0.059,0.593,0.127,0.169,0.110,1.815,0.269,0.349,-0.376,0.293,-0.937,-0.046,0.290,-0.070,0.046,-0.162,0.373,0.203,0.529,0.293,-0.031,0.360,-0.257,0.012,0.321,0.447,-0.007,-0.443,-0.275,0.527,0.378,0.220,0.166,-2.094,0.577,-0.404,-0.134,0.254,0.404,0.267,0.041,-0.088,0.142,-0.270,-0.233,0.690,-0.440,0.002,-0.194,0.807,0.270,0.219,0.613,-0.433,-0.231,1.414,-0.042,-0.241,-0.494,-0.447,-1.551,-0.084,0.607,0.183,-0.624,-0.679,-0.258,0.097,-0.116,-0.083,0.246,0.300,-0.544,-0.780,0.101,0.233,0.208,-0.161,0.118
0.680,0.843,0.286,0.748,-0.177,0.274,-0.069,0.153,-0.227,-0.337,0.499,-0.328,0.128,-0.384,0.725,-0.412,-0.130,-0.249,-0.261,-0.085,0.019,-0.436,0.364,0.918,0.627,0.806,0.767,0.459,0.266,0.086,0.115,0.004,-0.327,0.798,0.079,-0.215,0.348,0.022,0.828,-0.094,0.024,-0.824,-0.049,0.323,0.184,0.010,-0.830,-0.382,0.252,0.462,-0.374,0.092,-0.682,-0.106,1.835,0.354,-0.078,-0.144,0.071,0.587,0.702,0.092,0.262,0.183,-1.897,-0.127,0.061,0.064,-0.811,-0.360,-0.260,0.306,-0.299,0.898,-0.555,-0.075,-0.366,0.294,-0.204,-0.937,-0.122,-0.109,-0.262,0.327,0.468,-0.472,-0.254,-0.173,0.680,-0.032,0.566,-0.210,0.139,0.223,-0.509,-0.137,-0.040,-0.090,-0.188,-0.015,1.913,0.893,1.181,0.540,-0.329,0.010,-0.174,0.272,0.290,-0.017,-0.239,-0.247,-0.131,-1.053,0.223,0.046,0.421,-0.030,0.949,0.057,0.010,0.013,0.515,-0.448,-0.094,-0.130,-0.985,0.193,0.528,0.393,0.417,-0.388,-0.291,0.042,0.102,-0.030,-0.175,-0.310,0.115,0.801,0.423,0.074,0.108,-0.520,0.624,-0.441,-0.461,-1.134,-1.619,0.317,0.845,0.087,0.336,-0.223,1.506,-0.058,-0.380,0.096,0.778,0.037,0.230,-0.159,-0.143,-0.405,-0.919,-0.182,-0.580,0.283,-0.044,0.633,-0.266,-0.174,-0.589,-0.385,-0.202,-0.340,0.411,-0.490,0.107,-1.174,0.195,-0.218,0.003,0.362,0.538,-0.409,-0.232,-0.078,-0.218,-0.330,-0.246,0.095,-0.012,0.114,0.810,0.053,-0.359,-0.228,0.783,-0.037
0.429,-0.833,-0.607,-0.968,-0.391,-0.885,-0.144,0.097,0.432,-0.808,-0.539,0.464,0.038,0.198,0.523,-0.264,-0.556,-0.183,0.124,0.403,-0.171,-0.098,0.241,-0.118,0.261,1.811,0.130,-0.348,0.064,0.418,-0.206,0.320,0.146,0.636,0.103,0.048,-0.580,-0.720,-0.810,0.129,0.222,-0.777,0.257,-0.133,0.056,-0.061,0.574,0.301,-0.242,0.017,-0.295,-1.336,-0.003,-0.713,2.299,-0.353,-0.635,-0.017,0.023,0.654,-0.354,0.316,0.020,-0.519,-0.922,-0.908,-0.185,-0.596,0.712,0.048,-0.519,0.452,0.513,0.033,-0.073,0.117,-0.118,-0.335,1.777,0.683,-0.630,-0.983,-0.035,0.971,-0.087,-0.446,0.207,0.260,0.466,-0.119,-1.037,0.159,0.118,-0.272,-1.528,-0.424,0.309,-0.039,0.205,0.453,0.196,-0.745,-0.241,-0.032,0.234,0.249,0.393,-0.674,-0.391,-0.026,0.839,0.150,0.213,0.364,0.542,-0.035,-0.272,0.182,-0.164,0.237,0.104,0.220,-0.329,-0.326,0.747,0.952,0.382,0.087,-0.752,-0.255,0.139,0.274,0.220,-0.171,0.166,-0.823,-0.095,-0.470,-0.566,-0.073,-0.457,-0.127,0.161,0.350,0.485,-1.025,0.747,0.137,0.886,0.329,0.057,-0.018,-0.388,0.293,1.651,-0.248,-0.096,0.263,-1.462,-0.666,0.063,-0.575,0.277,0.122,0.458,-0.389,-0.908,-0.292,0.351,0.949,0.789,0.508,0.077,0.283,-0.034,0.036,0.178,0.476,-0.690,0.117,-0.351,0.298,-0.015,0.285,-0.608,0.372,0.114,0.116,-0.190,0.903,-0.358,0.024,-0.179,-0.052,-0.413,-0.148,0.310,0.047,-0.335,0.232
0.821,-1.037,-0.210,-0.998,-0.021,-0.090,-0.617,0.052,-0.096,-0.334,-0.389,0.090,0.154,0.509,0.611,-0.401,-0.700,-0.231,-0.084,0.431,0.039,0.320,0.301,0.363,-0.254,-0.014,-0.088,-0.860,-0.536,-0.135,0.477,-0.007,-0.544,1.161,0.514,-0.980,0.220,0.007,-0.638,0.027,-0.278,0.695,0.189,-0.320,0.002,0.038,0.397,-0.115,-0.351,-0.467,-0.180,-1.448,-0.432,-0.830,0.602,0.297,0.099,-0.146,0.219,0.467,0.557,0.134,0.079,0.077,-0.429,-0.771,-0.572,-0.482,0.452,0.281,-0.344,0.323,0.185,-0.348,0.191,0.512,-0.453,-0.594,1.223,0.515,-0.206,-0.773,0.123,1.158,0.486,0.568,-0.030,-0.031,0.090,0.225,-0.942,0.305,0.239,-0.350,-0.913,-0.144,0.620,-0.115,0.104,0.058,0.029,-0.301,0.127,0.395,-0.164,0.063,0.615,-1.367,-0.554,-0.146,-0.041,0.562,0.001,0.604,-0.429,-0.492,0.255,0.221,-0.126,0.045,0.252,-0.797,0.562,-0.162,0.560,0.628,-0.404,-0.112,-0.540,-0.770,0.245,0.271,0.166,0.144,-0.593,-0.289,-0.169,-0.141,-0.077,0.186,0.043,-0.635,0.110,-0.121,0.439,-0.461,0.516,0.029,0.512,-0.336,-1.082,0.292,-0.403,0.544,0.936,0.958,0.100,0.254,-0.155,-0.056,-0.209,-0.124,0.095,-0.009,-0.198,-0.404,-0.987,-0.394,0.292,-0.024,-0.493,0.595,0.384,0.218,0.349,0.088,1.088,1.470,0.117,0.326,-0.539,0.457,-0.269,-0.252,-0.583,-0.533,-0.194,-0.227,0.149,0.609,-0.386,-0.560,0.030,0.186,0.279,-0.758,0.538,-0.037,-0.512,0.231
-0.496,1.866,0.504,0.752,0.549,0.145,0.277,0.288,-0.172,-0.506,0.365,0.023,-0.029,-0.032,-0.380,0.401,0.563,-0.137,0.040,-0.647,-0.512,-0.325,-0.540,1.315,0.743,1.599,0.403,0.820,-0.319,-0.199,0.943,0.148,0.133,0.484,-0.013,-0.147,-0.719,-0.510,0.505,0.464,-0.234,-0.458,-0.453,0.069,-0.077,-0.028,-0.350,-0.068,0.144,-0.027,0.255,-0.120,-0.419,0.044,0.206,0.242,0.069,-0.153,-0.019,-0.295,0.720,0.181,-0.189,0.309,-1.290,-1.020,0.343,0.195,-0.712,-0.477,-0.781,-0.028,-0.683,-0.203,-0.529,-0.066,0.139,0.532,0.081,0.863,-0.096,-0.833,-0.306,-0.871,-0.094,-0.045,-0.950,-0.183,0.160,0.279,0.708,-0.383,0.286,-0.028,-0.414,0.085,-0.355,0.324,0.175,-0.288,0.933,0.896,0.247,0.201,0.510,0.152,-0.079,0.172,-0.085,0.390,-0.016,0.318,0.033,-0.522,0.054,0.374,0.813,0.038,0.386,-0.171,-0.067,-0.155,0.114,0.806,0.235,-0.794,-0.069,0.446,0.286,0.061,0.557,0.462,-0.362,-0.270,0.032,0.104,-0.613,-0.243,0.336,0.764,-0.178,-0.022,-0.670,-0.471,0.434,0.518,-0.057,0.005,-0.510,0.344,1.272,0.099,0.589,0.179,0.444,1.191,-0.037,-0.265,0.977,0.076,-0.217,0.187,-0.200,-0.115,-0.160,0.549,-0.310,0.546,-0.641,0.103,-0.929,0.041,-0.393,-0.826,-0.345,-0.657,1.072,-0.186,-0.056,-0.301,0.094,-0.241,0.120,-0.713,0.383,0.942,0.021,0.244,-0.433,-1.034,-0.301,0.200,-0.121,-0.109,0.757,0.081,-0.272,-0.061,1.006,-0.279
-0.081,-0.352,0.564,0.736,-0.232,0.769,-0.852,-0.162,0.278,0.063,0.153,-0.534,-0.144,-0.241,0.322,0.046,0.529,0.234,0.100,1.080,-1.035,-0.963,-0.073,-0.001,-0.438,1.878,-0.799,-0.253,0.285,-1.131,-0.121,0.554,-0.052,-0.426,-0.663,0.418,-0.382,-0.108,0.206,1.054,-0.129,0.069,-0.150,-0.292,-0.074,-0.131,-0.411,-0.239,0.090,0.467,-0.750,-0.202,0.046,0.048,-1.309,-0.882,0.229,0.078,0.026,0.167,-0.072,0.418,-0.325,0.096,-0.278,0.678,0.278,-0.023,0.399,0.680,0.074,0.392,0.007,0.035,-0.191,-0.167,0.910,0.973,-1.064,-0.049,-0.392,-0.685,-0.000,-1.236,-0.251,-0.173,-0.817,-0.416,-0.054,0.688,0.234,0.137,0.400,-0.509,-0.268,-0.220,-0.320,0.094,0.078,-0.065,0.417,0.022,-0.424,0.324,1.046,-0.268,-0.124,-0.265,-0.246,0.126,0.153,-0.097,-0.096,-0.195,-0.148,0.390,0.512,0.310,-0.036,0.221,-0.346,-0.469,0.539,0.558,1.166,0.037,0.497,0.145,0.003,-0.175,0.574,0.854,-0.250,-0.478,0.422,-0.306,-0.070,0.096,0.493,-0.039,-0.140,-0.118,-0.502,0.135,1.509,-0.033,0.348,0.132,-0.352,-1.005,0.778,0.544,0.697,-0.011,-1.000,0.469,0.084,-0.048,0.060,0.235,0.238,0.047,0.069,0.020,0.269,0.105,-0.408,0.416,-1.060,1.596,1.190,-0.281,-0.645,0.629,0.326,-0.014,-0.159,0.539,-0.338,0.071,0.082,-0.117,0.292,-0.298,-0.249,-0.012,-0.321,0.214,0.121,-0.571,-0.314,0.206,0.310,-0.485,0.224,-0.300,-0.360,-0.220,0.440,-0.750
-0.354,0.160,-0.862,0.548,0.171,0.079,0.102,-0.009,0.404,0.232,-0.418,0.355,-0.373,-0.200,0.302,-0.051,-0.182,-0.080,-0.062,0.884,-0.219,-0.523,-0.590,-0.200,0.794,-0.642,0.020,-0.403,0.369,0.608,-1.183,0.357,0.686,-0.515,-0.297,0.241,-0.077,0.205,-0.937,0.354,-0.224,0.502,0.063,-0.047,0.521,0.036,-0.375,0.110,-0.215,0.212,0.081,0.315,0.434,-0.134,0.274,-0.589,-0.194,-0.539,0.589,1.393,1.055,0.289,0.048,0.039,0.755,-0.327,-0.151,-0.657,0.081,-0.935,0.217,1.116,0.208,0.678,0.100,-0.056,-0.015,0.390,-1.385,-1.345,0.285,-0.656,0.367,1.193,0.187,-0.158,0.223,-0.116,0.277,0.224,0.235,0.164,-0.133,-0.124,-0.095,-0.469,0.281,-0.022,-0.238,-0.496,-1.475,-2.794,-0.339,-0.297,-0.448,-0.073,0.471,0.716,-0.244,0.552,-0.086,-0.446,0.393,-0.067,0.145,0.278,0.000,-0.031,-0.082,0.461,-0.191,0.343,0.379,0.302,-0.735,0.237,-0.186,-0.724,-0.804,-0.662,-0.119,-0.072,0.461,-0.420,-0.480,0.238,0.399,0.173,-0.220,-0.448,-0.256,-0.491,0.468,0.492,-1.220,-1.095,-0.122,-0.034,-0.027,0.681,-0.335,-0.613,-0.834,0.084,-0.056,-0.622,0.387,0.041,-0.424,-0.060,0.183,0.120,0.227,0.230,0.450,-0.626,-0.348,-0.099,0.501,0.906,0.729,0.012,0.037,-0.248,0.178,-0.261,-1.170,-0.709,-0.229,0.319,0.384,0.578,0.221,0.795,-0.428,-0.239,-0.119,-0.437,0.523,-0.065,-0.316,-0.084,0.054,-0.071,0.456,-0.084,0.202,-0.058,0.601,0.008
0.626,-0.781,-1.662,-0.311,-0.038,-0.313,-0.117,-0.027,-0.019,-0.365,-0.291,0.292,-0.100,-0.156,0.497,0.023,-0.866,0.121,-0.049,0.958,0.320,0.306,-0.033,0.115,0.261,0.202,0.440,-0.040,0.078,0.438,-0.016,0.080,0.170,0.358,0.176,-0.437,-0.072,-0.546,-0.513,0.396,0.898,0.627,0.349,-0.270,0.145,0.100,0.629,0.367,-0.112,-0.119,-0.827,-0.227,-0.160,-0.381,0.431,-1.046,0.049,-0.497,-0.206,1.088,0.264,0.174,0.447,0.114,0.483,-0.255,-0.613,-0.681,0.508,-0.407,-0.460,0.849,0.264,-0.381,-0.377,0.298,-0.236,0.215,-0.173,-1.137,0.066,-1.218,-0.145,1.106,0.484,-0.398,0.278,0.219,-0.119,0.122,-0.462,0.269,-0.248,-0.245,-0.483,-0.548,0.164,-0.070,0.372,0.065,-0.668,-1.603,0.400,-0.113,-0.282,0.069,0.186,0.220,-0.445,0.330,0.372,0.197,0.113,0.492,0.168,-0.133,-0.171,-0.242,-0.186,-0.094,0.077,-0.131,0.590,-0.520,1.016,0.344,-0.168,0.036,-0.083,-0.084,-0.689,0.368,0.160,-0.494,0.053,-0.196,0.755,0.014,-0.287,-0.281,0.131,-0.345,0.265,0.046,-0.515,-1.319,0.329,0.100,0.819,-0.017,-0.040,0.129,-0.504,-0.249,1.811,-1.086,0.025,0.492,-0.253,-0.540,0.848,-0.478,-0.230,-0.070,0.031,-1.026,-0.806,-0.145,-0.077,1.314,0.151,0.524,0.334,0.278,0.628,-0.387,-1.455,-1.177,0.080,0.013,-0.274,0.572,0.484,0.660,-0.385,-0.062,0.273,-0.188,0.411,0.580,-0.542,-0.774,0.132,-0.176,-0.025,-0.401,0.322,-0.286,-0.099,-0.320
-0.387,-1.712,-0.004,-0.337,-0.061,-0.589,-0.274,-0.043,-0.226,-0.072,-0.520,0.263,0.465,0.250,-0.390,0.671,-0.381,0.367,0.468,0.645,-0.252,0.033,-0.151,-1.041,-0.467,-1.464,-0.017,0.126,-0.169,0.738,-0.154,0.397,0.319,-0.191,-0.244,0.218,-0.695,-0.623,-0.201,-0.098,0.103,0.159,0.205,-0.688,0.316,0.086,0.742,0.216,-0.020,0.046,-1.013,-0.279,-0.105,0.302,0.061,-1.111,-0.067,-0.094,-0.169,-0.256,-0.636,0.290,0.177,0.018,0.742,0.387,-0.215,-0.049,1.056,0.429,-0.670,0.294,0.216,-1.233,-0.287,0.152,-0.084,0.514,-0.044,0.012,0.213,-0.384,-1.098,-2.117,-0.109,0.156,0.193,0.664,-0.336,-0.200,-0.193,0.544,-0.506,-0.179,0.005,-0.643,0.642,-0.006,0.157,-0.201,-0.357,-0.576,-0.106,0.023,0.783,0.074,0.086,0.288,0.002,-0.222,0.636,0.411,0.376,0.328,-0.095,-0.530,-0.339,-0.524,-0.320,-0.275,0.169,-0.444,-0.021,-0.614,1.096,0.065,-0.746,-0.805,-0.621,0.341,0.351,0.240,-0.321,-0.619,0.077,-0.483,0.237,-0.178,-0.315,-0.646,0.263,-0.180,0.383,0.190,0.099,-0.813,0.510,0.244,0.901,-0.431,-0.132,0.199,0.151,0.107,1.113,-0.200,0.166,-0.014,-0.052,-0.459,0.358,-0.469,0.034,0.269,0.281,-0.730,-0.925,0.093,-0.203,1.524,0.381,0.862,-0.038,-0.032,0.291,-0.235,-0.636,-0.927,-0.094,-0.293,-0.952,0.316,0.375,-0.445,-0.666,-0.104,0.189,0.011,0.413,-0.453,-0.322,-0.511,0.048,0.319,-0.647,0.159,0.680,-0.327,0.402,-1.109
0.781,0.810,0.575,-0.234,-0.514,-0.193,0.206,0.581,-0.277,-0.628,0.502,-0.370,-0.067,0.088,1.006,-0.180,-0.813,-0.397,-0.979,-0.469,-0.289,-0.038,0.827,0.109,0.621,0.098,0.405,0.118,-0.199,0.579,0.743,0.111,-0.397,0.944,-0.211,-0.344,0.394,0.386,0.528,-0.634,0.436,-0.915,0.260,0.178,0.236,0.000,-0.784,-0.576,0.253,0.334,-0.235,-0.179,-0.751,0.144,1.689,0.516,-0.073,-0.203,0.197,-0.238,0.600,-0.702,0.301,0.117,-1.653,-0.148,-0.264,0.039,-0.212,-0.627,0.337,-0.094,0.191,0.840,-0.232,0.144,-0.279,-0.256,0.443,-0.915,0.056,0.341,0.134,0.776,1.078,-0.171,0.146,0.057,0.275,-0.244,0.220,-0.378,0.078,0.225,-0.513,-0.102,-0.684,0.204,-0.414,-0.488,1.115,0.763,0.349,-0.053,-1.083,0.300,-0.224,0.342,0.350,-0.152,-0.159,0.005,-0.105,-0.510,0.040,-0.962,-0.265,-0.434,0.558,0.019,0.101,0.072,-0.320,-0.044,-0.706,0.201,-0.108,0.290,0.655,1.262,0.299,-0.902,-0.242,0.024,0.071,0.026,-0.372,-0.136,-0.007,0.435,0.245,0.149,0.524,-0.400,0.108,-0.528,-0.264,-0.849,-0.376,-0.134,-0.701,0.125,0.230,-0.246,1.668,-0.725,-0.243,0.376,1.293,-0.363,0.011,-0.393,-0.148,-0.001,0.204,-0.525,0.118,-0.295,0.207,-0.624,-0.229,-0.010,0.544,-0.233,-1.254,-0.225,1.496,-0.794,-0.141,-0.952,-0.163,-0.126,-0.078,0.615,0.619,-0.361,0.194,-0.411,-0.317,0.456,0.233,-0.087,-0.216,0.369,0.076,-0.504,-0.517,0.099,0.208,0.205
0.231,0.084,-1.185,0.097,-0.036,0.255,0.043,-0.612,-0.248,-0.146,0.114,0.135,-0.238,-0.159,-0.243,-0.263,0.541,0.319,0.674,0.639,-0.692,0.091,-0.275,0.260,0.218,0.467,0.265,-0.488,-0.017,-0.205,-0.328,0.376,-0.127,-0.327,-0.493,-0.290,-0.470,-0.607,0.524,0.630,0.627,0.216,-0.296,-0.443,-0.206,-0.027,0.062,0.240,-0.394,-0.145,-1.048,-0.561,-0.329,-0.664,0.418,-0.977,0.386,0.087,-0.394,-0.086,0.209,0.598,0.195,0.251,-0.036,-0.227,-0.114,-0.228,0.259,0.066,-0.774,0.520,-0.154,-0.722,-0.559,0.122,0.075,0.273,0.114,0.501,-0.183,-0.867,-0.717,-0.957,-0.437,0.003,-0.085,-0.096,-0.482,0.402,0.296,-0.243,0.105,-0.464,-0.767,-0.309,0.372,0.338,0.658,0.316,-0.466,-0.434,-0.106,0.065,0.749,0.211,0.003,0.305,0.069,-0.040,-0.318,0.229,-0.726,-0.032,0.636,0.386,0.256,-0.241,0.111,-0.347,0.251,0.001,0.391,0.055,0.777,-0.579,-1.366,0.380,-0.122,-0.431,0.381,0.568,-0.455,-0.427,0.525,0.119,0.655,-0.385,-0.310,-0.295,0.415,0.343,-0.379,-0.115,-0.095,-0.040,0.443,0.206,-0.108,0.564,0.630,0.566,0.392,-0.271,1.612,0.096,0.083,0.036,-0.648,0.121,-0.708,-0.088,-0.343,-0.137,0.708,0.001,-0.953,0.311,-0.317,0.754,0.053,-0.366,-0.360,-0.377,0.827,-0.374,-2.010,-0.970,-0.428,-0.582,-0.271,0.070,0.227,-0.194,0.156,0.573,0.323,0.388,-0.007,-0.396,-0.731,-0.216,0.301,0.244,0.174,0.021,0.273,-0.429,0.456,-0.009
-0.070,-1.369,-1.014,-0.620,0.028,1.760,-0.170,-0.365,0.287,0.324,-0.522,0.057,-0.228,-0.036,-0.321,0.787,-0.196,0.464,-0.074,0.472,0.080,-0.120,-0.290,-0.247,-0.364,0.769,-0.224,-0.256,-0.171,0.238,-0.555,-0.107,0.115,-0.110,-0.595,0.209,-0.126,-0.060,-0.324,0.207,1.073,0.713,0.265,-0.662,-0.259,-0.020,0.609,0.205,-0.176,-0.221,-0.489,0.015,-0.120,-0.317,0.158,-0.911,0.191,-0.027,-0.465,-0.956,-0.556,0.043,0.362,-0.287,0.728,0.414,0.052,-0.394,1.177,0.700,-0.309,0.056,0.143,-0.937,-0.510,-0.172,0.107,-0.190,-0.105,-0.812,-0.115,-0.384,0.182,-0.201,-0.590,-0.008,0.015,0.275,-0.013,0.017,-0.118,0.141,-0.166,-0.100,0.066,-0.791,-0.725,0.633,0.077,0.168,-0.456,0.141,-0.310,-0.532,0.350,-0.170,0.191,0.131,0.522,0.112,0.103,0.376,-0.095,0.528,-0.326,0.122,0.052,-0.754,-0.235,0.017,0.079,-0.171,0.200,-0.108,0.532,0.465,0.220,0.268,0.099,-0.403,-0.255,0.482,-0.606,-0.314,-0.164,-0.092,0.810,0.040,0.005,-0.656,-0.107,-0.171,-0.311,0.190,-0.323,-0.999,0.818,0.128,0.714,-1.233,0.043,0.554,0.354,-0.616,0.529,-0.602,-0.164,0.470,-1.044,0.452,0.680,-0.113,0.154,-0.261,0.382,-0.645,-1.397,-0.367,-0.280,1.279,1.077,0.361,0.065,0.532,-0.050,-0.079,-2.107,-0.578,-0.617,-0.024,-0.342,-0.058,-0.358,0.008,0.045,-0.084,0.501,0.163,0.478,0.096,-0.338,-0.249,0.243,-0.228,-0.618,0.318,0.321,-0.013,0.125,-1.522
-0.202,0.022,-0.009,0.484,0.251,-0.036,0.321,0.414,-0.033,0.030,-0.262,-0.311,0.486,-0.467,-0.037,0.295,-0.519,-0.228,-0.130,-0.047,-0.143,0.213,-0.738,0.536,-0.136,-0.643,1.166,-0.264,-0.624,1.155,-0.367,0.211,0.656,0.439,-0.043,-0.111,-0.060,-0.048,-0.468,-0.029,-0.625,0.105,0.235,-0.208,-0.048,0.024,0.282,0.117,0.302,-0.157,-0.173,-0.105,0.108,0.346,0.995,-0.515,-0.034,-0.906,0.433,0.706,-0.518,0.187,0.076,0.531,0.210,0.185,-0.393,0.073,0.265,0.085,-0.112,0.893,0.120,0.227,-0.197,0.167,-0.653,0.399,-0.506,-0.829,0.046,-0.192,-0.053,1.206,1.523,0.071,-0.216,0.109,-0.239,0.131,-0.319,0.042,0.047,-0.201,0.115,-0.215,-0.124,-0.596,-0.429,-0.660,-0.445,1.149,0.598,0.003,-0.603,0.114,0.100,0.583,-0.137,0.375,0.003,0.614,0.359,-0.128,-0.776,-0.744,-0.509,-0.508,-0.173,-0.281,-0.161,-0.414,0.456,0.175,-0.301,-0.414,-0.651,0.202,0.240,0.518,-0.049,-0.054,-0.105,-0.534,-0.399,0.266,0.285,-0.102,0.020,0.573,-0.223,-0.514,0.633,-0.106,0.333,-0.133,-0.375,0.271,0.238,-1.017,0.034,-0.219,-0.636,-0.306,0.040,-1.401,0.065,0.511,0.037,0.267,1.179,-0.393,-0.126,0.302,0.290,-0.552,0.288,0.153,-0.177,0.431,0.638,0.894,0.510,-0.044,-0.276,-0.444,0.050,-1.358,0.107,-0.153,0.196,0.998,0.625,0.682,0.260,-0.337,0.019,-0.353,-0.066,-0.362,-0.351,-0.813,0.084,-0.002,-0.019,-0.625,0.271,-0.293,0.764,-1.031
0.055,0.334,0.236,-0.448,-0.545,0.287,0.486,0.138,-0.079,0.462,-0.101,-0.378,-0.104,-0.471,-0.237,0.476,0.186,-0.002,-0.456,0.004,-0.407,0.283,-0.137,-0.030,0.481,0.852,0.810,-0.508,-0.383,1.106,-0.316,-0.108,0.282,0.582,0.296,-0.050,0.315,0.454,-0.219,-0.192,-1.454,0.484,0.172,-0.438,-0.284,-0.011,0.470,0.116,-0.388,-0.193,-0.166,0.762,0.178,-0.156,0.804,-0.453,0.038,-0.188,-0.113,-0.758,-0.788,-0.224,0.367,0.235,-0.450,1.226,-0.019,-0.087,0.237,1.394,0.106,-0.329,-0.413,0.090,-0.313,-0.530,0.238,-0.494,-0.496,-0.098,0.102,0.244,0.453,-0.372,0.713,-0.077,0.010,0.114,-0.381,0.147,0.009,0.242,0.162,0.165,0.430,-0.543,-1.510,-0.558,-1.611,-0.953,1.264,1.211,0.151,-0.770,-0.143,-0.362,0.172,0.596,0.726,-0.512,-0.306,0.207,-0.045,-0.062,-0.143,-0.082,0.065,-0.908,-0.285,0.158,-0.096,-0.171,0.112,0.548,0.107,-0.686,0.806,0.640,1.172,-0.025,-1.113,0.192,-0.539,-0.675,-0.384,0.737,0.565,0.167,0.335,0.157,-0.210,-0.700,-0.910,-0.361,0.716,0.028,-0.374,0.020,0.139,-0.550,1.072,0.046,-0.057,0.171,-0.470,-0.825,-0.512,0.551,0.436,0.702,1.092,-0.088,-0.437,-0.132,0.141,-1.163,-0.222,-0.211,-0.212,0.509,2.152,0.132,0.429,0.018,-0.474,-0.619,-1.707,-0.642,0.023,-0.112,-0.366,-0.106,-0.205,-0.284,-0.127,-0.015,0.498,0.118,0.357,-0.330,-0.330,0.114,0.097,-0.439,-0.063,-0.038,-0.324,-0.005,0.141,-1.432
-0.156,1.703,0.747,0.036,-1.291,0.096,-0.541,0.685,0.363,0.437,-0.173,-0.724,0.005,0.311,-1.021,-0.044,-0.275,0.016,-0.180,0.665,-0.264,0.285,0.615,0.973,-1.213,0.263,-0.392,-0.831,-0.467,0.342,0.061,-0.506,-0.238,-0.563,-0.471,-0.206,0.453,0.678,0.128,-0.239,0.161,0.497,-0.052,-0.140,0.156,0.050,-0.018,0.045,-0.038,-0.511,0.385,0.339,0.164,-0.378,-0.961,-0.025,0.034,0.274,0.193,-1.184,0.033,-1.296,-0.330,-0.013,0.450,0.675,0.409,-0.096,0.593,0.859,-0.570,0.196,0.194,-0.037,-0.441,-0.825,0.195,0.394,-0.020,-0.914,0.233,0.418,0.696,-0.390,0.394,-0.009,0.193,0.389,0.181,-0.185,-0.382,0.308,0.149,-0.090,1.050,-0.692,-0.623,-0.704,-0.339,-1.223,0.343,1.035,-0.499,-0.057,-0.559,0.608,-0.934,-0.042,0.467,-0.134,0.206,-0.954,0.127,0.297,-0.729,-0.351,-0.237,0.536,-0.213,-0.044,-0.075,-0.439,-0.151,0.212,0.095,-0.264,1.754,0.184,0.472,-0.270,0.204,-0.518,-0.108,0.065,-0.323,0.180,-0.529,0.056,0.272,0.262,0.373,0.036,0.197,-0.246,1.014,-0.356,0.160,-0.381,-0.161,-1.045,1.643,0.473,-0.123,0.278,-1.615,0.186,-0.427,-0.192,0.443,0.080,0.298,0.077,0.230,0.051,-0.009,-0.688,0.989,-0.057,-0.537,0.324,1.338,0.610,0.212,1.002,-0.483,-0.762,1.537,0.570,0.264,-0.805,-0.134,-0.617,0.258,0.664,-0.351,-0.985,-0.792,-0.284,0.132,-0.072,-0.205,0.025,0.443,-0.248,-0.450,-0.182,0.224,0.074,-0.112,-0.807
0.635,-0.270,0.225,0.792,-0.050,-0.836,0.179,0.456,-0.238,-0.072,0.550,-0.297,0.112,0.128,-0.016,-0.378,-0.590,-0.224,-0.156,-0.116,-0.042,-0.299,0.195,-0.059,0.392,-0.065,0.061,-0.500,-0.357,-0.229,0.119,0.493,0.220,0.690,-0.760,-1.212,-0.142,-0.028,0.537,0.432,0.016,-0.235,0.074,0.322,0.371,-0.096,-0.388,-0.021,0.203,-0.006,0.002,0.111,0.119,0.004,-2.049,0.458,0.024,-0.029,0.339,0.345,0.412,-0.411,0.164,0.081,-0.944,-0.731,-0.420,-0.345,-0.105,0.120,0.082,0.746,0.338,0.704,-0.050,-0.235,0.014,-0.039,-0.833,-1.148,-0.266,0.092,0.140,1.396,0.556,-0.291,0.049,0.249,-0.011,-0.159,0.171,0.068,0.242,-0.412,-0.011,-0.160,0.169,-0.727,-0.349,-0.549,-0.798,0.171,-0.310,0.830,-0.237,0.239,-0.848,0.357,0.215,0.342,-0.114,-0.005,0.465,-0.219,-0.534,-0.126,-0.438,0.382,0.122,0.147,-0.215,-0.390,0.145,-0.212,-0.291,0.328,-0.537,0.207,-0.257,-0.365,-0.756,-0.586,0.022,-0.308,-0.071,0.399,-0.285,-0.366,-0.103,0.788,0.421,-0.019,0.945,0.138,0.377,-0.947,-0.156,-0.948,0.223,-0.990,0.428,0.077,-0.163,-0.302,-0.229,-0.371,-0.157,-0.124,0.232,-0.241,0.258,-0.503,0.509,0.064,-1.259,0.045,-0.023,0.207,-0.226,0.414,-0.687,0.642,0.120,0.378,-0.056,-0.139,0.986,-0.372,-0.189,-0.664,0.231,0.349,0.423,0.314,0.500,-0.451,-0.713,-0.723,-0.464,-0.664,0.253,-0.612,0.137,0.207,0.651,-0.491,0.807,-0.274,0.907,-0.574
-0.827,0.207,-0.263,0.140,0.034,-0.721,0.199,-0.280,0.084,0.560,0.004,0.645,0.078,0.127,-0.217,-0.000,-0.463,0.258,0.560,-0.730,0.333,0.228,-0.125,-0.083,-0.326,-1.831,-0.732,0.024,0.171,0.404,-0.332,-0.391,-0.580,-1.446,0.645,0.353,-0.331,-0.248,-0.737,-0.361,-0.550,0.587,-0.190,-0.276,0.308,0.035,0.500,0.193,-0.511,-0.194,-0.178,-0.218,0.256,0.342,0.540,0.026,-0.433,-0.152,0.097,-0.223,-0.372,0.063,-0.145,-0.055,1.224,-0.307,0.149,-0.462,0.324,0.005,-0.037,-0.086,0.098,-0.723,-0.077,-0.147,-0.451,0.457,0.691,0.945,0.045,0.107,0.174,-0.571,-1.696,0.122,0.620,0.147,-0.725,-0.074,-0.025,0.008,-0.599,0.116,0.167,0.008,0.778,-0.082,0.167,-0.265,-1.405,-2.340,-0.854,-0.323,0.462,0.700,0.428,0.165,-0.081,-0.360,0.255,0.247,0.194,0.329,0.264,0.474,-0.203,-0.212,0.101,0.195,0.338,0.248,-0.172,-0.230,0.675,-0.051,-0.066,-0.343,-0.813,-0.760,0.559,-0.094,0.347,-0.002,-0.192,-0.349,0.615,-0.246,-0.632,-0.482,-0.431,-0.683,-0.398,0.395,-0.519,0.230,-0.432,0.875,0.173,0.247,0.122,-0.717,-0.566,1.017,1.602,0.637,0.349,-0.307,-1.304,0.164,-0.565,0.387,0.235,0.258,0.868,0.352,0.101,-0.162,0.387,0.315,0.030,-1.094,-0.066,-0.277,0.095,-0.484,-0.470,0.224,0.460,0.286,-0.890,0.080,-0.303,0.073,-1.092,0.010,0.382,0.081,-0.055,0.261,-0.187,0.239,-0.101,0.107,-0.249,-0.116,0.069,0.310,-0.241,-0.002
-0.454,2.127,0.704,0.433,-0.027,-0.290,0.620,0.420,-0.406,-0.688,0.165,-0.109,0.130,-0.013,0.713,0.493,-0.022,0.018,-0.793,-0.131,-0.020,0.077,-1.089,0.696,-0.391,0.803,0.483,0.459,-0.856,0.978,1.544,0.347,0.156,0.649,0.392,-0.129,-0.217,0.080,-0.093,-0.387,-0.953,-0.464,-0.084,0.169,-0.150,-0.060,0.209,-0.576,0.181,-0.229,0.547,-0.184,0.020,0.293,1.496,0.569,-0.174,-0.290,-0.085,-0.617,-0.826,-0.679,-0.107,0.036,-1.525,0.021,0.354,0.626,-0.553,0.325,-0.052,-0.224,0.377,-0.559,-0.436,-0.081,0.058,0.581,0.887,0.691,0.054,-0.672,-0.857,0.244,0.843,0.286,-0.926,0.250,-0.417,-0.153,-0.240,-0.269,0.171,0.218,0.594,0.158,-0.717,-1.320,-0.195,0.245,0.380,0.391,0.129,-0.244,-0.160,0.740,0.058,0.352,-0.257,-0.219,0.129,0.430,0.069,-0.115,-0.185,-0.115,-0.214,0.167,0.024,-0.155,-0.017,-0.209,-0.673,0.934,-0.771,0.059,-0.090,0.699,0.318,0.039,-0.574,-0.182,-0.366,-0.376,0.235,-1.226,-1.055,-0.043,0.195,0.890,-0.395,-0.187,-0.351,-0.412,0.572,0.196,-0.776,0.408,0.600,-0.161,0.587,0.240,0.191,-0.146,0.322,0.354,0.021,0.255,0.656,0.305,0.482,-0.175,0.028,0.410,-0.071,0.217,0.337,0.289,-0.564,0.551,-0.276,0.585,0.400,-0.929,-0.933,-0.441,1.376,0.289,0.317,0.002,0.176,0.059,0.131,-0.240,-0.066,0.319,-0.008,-0.040,-1.233,0.038,-0.582,0.050,-0.174,-0.188,-0.140,-0.508,-0.215,0.474,0.313,-0.239
-0.228,0.816,-0.036,0.438,0.017,0.007,0.560,0.195,0.195,-0.035,-0.033,-0.049,0.486,-0.518,0.062,0.479,-0.503,-0.021,-0.284,0.197,-0.329,0.272,-0.452,0.671,0.179,-0.250,0.752,-0.264,-0.648,1.491,-0.079,0.304,0.332,0.499,0.050,0.010,-0.089,-0.130,-0.285,-0.050,-1.298,0.145,0.075,-0.238,0.449,0.057,0.328,0.067,0.380,-0.112,-0.216,-0.099,0.082,0.325,0.628,-0.393,0.108,-1.035,0.097,0.676,0.458,0.133,0.013,0.380,-0.160,0.533,-0.507,0.017,0.129,0.273,-0.211,0.719,0.120,0.270,-0.190,0.164,-0.562,-0.198,-0.750,-1.061,0.157,-0.566,0.211,1.384,1.184,0.079,-0.108,0.114,-0.259,0.185,-0.161,0.232,0.180,-0.155,0.300,-0.445,-0.334,-0.759,-0.537,-0.747,0.089,0.350,0.451,-0.206,-0.730,-0.196,-0.002,0.557,-0.124,0.539,0.387,0.437,0.464,-0.139,-0.919,-0.683,-0.692,-0.127,-0.169,-0.015,-0.253,-0.295,0.351,0.179,-0.607,-0.615,-0.976,0.622,-0.104,0.678,-0.366,-0.271,0.031,-0.524,-0.458,0.540,0.191,-0.088,0.001,0.342,-0.269,-0.649,0.501,-0.195,-0.237,-0.178,-0.296,-0.139,-0.130,-0.711,0.789,0.204,-0.754,-0.534,-0.229,-1.438,-0.080,0.317,0.292,-0.018,1.494,-0.627,0.004,0.243,0.455,-0.371,-0.094,-0.046,-0.219,0.521,0.175,0.997,0.343,0.008,-0.673,-0.700,-0.406,-1.690,-0.312,-0.130,0.194,0.821,0.602,0.860,0.206,-0.447,0.072,-0.428,-0.091,-0.360,-0.419,-0.751,0.052,0.216,-0.036,-0.599,0.412,-0.141,0.695,-1.185
-0.186,0.860,-0.640,-0.199,0.111,-1.071,0.225,0.252,-0.423,-0.636,-0.609,0.080,0.017,0.144,0.165,0.288,0.023,0.169,-0.154,-0.971,0.144,0.672,-0.026,0.269,0.089,1.139,0.969,0.241,-0.232,1.315,0.779,-0.231,-0.162,0.414,-0.073,0.315,-0.241,-0.428,0.063,-0.460,-1.334,-0.147,0.085,-0.317,-0.243,0.091,0.598,0.072,-0.658,-0.393,-0.426,-0.346,-0.472,-0.055,1.683,0.234,0.185,-0.355,-0.180,-0.427,-1.704,-0.262,0.412,0.141,-0.479,0.077,-0.088,-0.108,0.698,0.179,-0.048,-1.191,0.274,-0.590,-0.679,-0.022,-0.468,0.369,0.588,0.551,0.142,-1.015,-0.906,-0.038,0.670,0.406,0.066,0.117,-0.406,-0.467,0.166,-0.349,-0.217,0.490,0.505,-0.299,-0.619,-0.501,-0.627,-0.057,1.171,1.370,0.442,-0.414,-0.151,0.363,0.258,0.446,0.151,-0.239,0.170,0.246,-0.020,-0.059,0.188,-0.240,-0.111,-0.787,0.043,-0.578,0.166,0.323,-0.634,0.301,1.252,-0.340,-0.840,0.944,0.497,-0.099,-0.628,-0.051,-0.386,-0.506,0.062,-0.613,0.401,-0.188,-0.173,0.406,0.103,-0.182,-0.421,-0.555,-1.677,-0.008,-0.505,0.658,0.973,-0.232,0.755,-0.095,0.284,-0.064,0.016,-0.498,0.339,0.529,0.502,-0.164,0.817,0.068,-0.422,-0.148,0.392,-1.023,-0.517,0.188,-0.198,0.313,0.228,-0.236,0.893,0.396,-1.358,-0.486,-1.228,-0.921,0.207,-0.282,-0.263,-0.411,-0.068,0.211,0.072,-0.315,0.549,-0.181,-0.199,0.221,-0.839,0.142,0.041,0.438,-0.548,-0.090,0.374,0.060,0.633,-0.828
-1.019,1.097,0.708,0.444,-0.275,-0.298,-0.043,0.492,-0.019,0.005,0.280,-0.693,0.323,0.292,-0.089,-0.383,-0.315,-0.203,0.822,-0.194,0.594,0.527,-0.226,0.094,-0.536,-0.041,0.531,0.622,0.300,-0.033,0.319,-0.101,0.230,0.057,0.718,0.044,-0.754,0.325,-0.939,0.297,0.200,-0.006,-0.433,-0.113,0.102,-0.057,0.308,-0.167,-0.039,-0.703,0.100,0.090,0.539,0.296,-0.481,0.102,0.011,-0.038,0.214,0.618,-0.314,-0.757,-0.554,-0.953,0.055,0.339,0.169,0.333,-0.349,0.059,0.075,0.273,0.072,-0.423,-0.312,-0.296,-0.150,0.384,-0.846,-0.712,0.369,0.336,0.385,-1.428,0.407,0.082,-0.109,0.309,-0.409,0.103,-0.212,0.459,-0.259,-0.772,0.491,-0.122,0.535,-0.742,-0.949,-0.601,-0.142,0.141,0.415,0.174,-0.285,-0.163,-0.630,-0.067,-0.189,0.592,-0.336,-0.593,0.276,0.273,-0.337,-0.180,-0.129,0.272,-0.071,-0.354,-0.004,-0.173,0.303,0.649,0.007,-0.466,-0.072,-0.133,0.093,-0.347,-0.129,0.096,0.628,-0.193,0.038,0.472,-0.597,-0.311,0.125,0.387,-0.177,-0.301,0.209,0.272,0.164,0.007,-0.385,-0.174,0.567,-0.380,0.659,-0.488,-0.249,0.154,-0.248,-0.140,0.250,-0.008,0.308,0.525,-0.110,-0.115,0.255,0.570,-0.529,0.569,1.228,0.394,-0.137,-0.649,-0.558,0.529,0.303,0.552,-0.667,-0.420,1.000,0.551,0.049,-0.195,0.079,0.662,0.134,-0.571,-0.285,-0.193,-0.273,0.067,0.149,-1.125,-0.470,-0.401,-0.150,-0.092,-0.420,-0.229,-0.025,0.413,1.098,-0.430
-1.281,0.160,0.987,0.976,0.099,0.244,0.766,0.111,0.167,0.236,-0.343,-0.206,0.199,-0.222,0.147,0.576,0.433,0.243,0.293,-0.784,0.595,0.334,-0.586,-0.221,-0.502,-1.382,-0.760,-0.182,0.021,0.361,0.095,0.184,0.467,-0.505,0.994,0.222,0.109,0.002,-0.500,-0.406,-0.203,0.296,-0.599,-0.006,-0.186,-0.025,0.604,0.041,-0.210,-0.056,0.640,0.658,0.405,0.189,0.618,0.162,0.475,-0.462,-0.040,-0.365,-0.562,-0.080,-0.427,0.273,1.108,0.556,-0.605,-0.671,-0.349,0.206,0.732,0.607,0.723,0.202,-0.084,0.122,0.137,0.087,-0.040,0.520,0.166,0.565,0.457,-0.734,0.349,0.426,0.276,-0.320,-0.229,0.447,-0.239,-0.043,-0.783,-0.318,0.456,0.463,0.051,-0.472,-0.118,-0.246,-1.165,-1.864,-0.780,-0.449,-0.365,0.041,0.039,0.582,-0.069,0.512,-0.028,-0.442,0.704,0.067,-0.645,-0.308,-0.188,0.169,-0.162,0.178,-0.024,-0.551,0.098,0.394,0.254,-0.715,0.184,0.062,-0.555,-0.214,0.030,-0.496,0.220,0.080,-0.430,0.787,0.136,0.179,-0.059,-0.531,-0.171,-0.491,-0.323,0.046,-0.035,0.447,0.016,0.040,-0.241,0.213,0.695,-0.520,-1.345,-0.373,0.033,0.085,-0.313,-0.346,0.869,-0.400,-0.006,0.313,-0.322,0.698,-0.051,0.931,0.621,0.355,0.265,-0.801,-1.302,-0.132,0.045,0.246,0.287,-0.312,0.495,0.112,-0.490,0.453,0.165,0.620,0.222,0.478,-0.499,-0.229,-0.477,-0.121,0.052,-0.712,0.364,-0.586,0.339,-0.629,-1.018,-0.213,0.653,0.123,0.377,-0.041
-0.423,2.129,-0.051,0.165,0.275,-1.318,0.842,0.113,0.027,-0.031,0.259,0.478,-0.309,-0.488,-0.365,0.274,-0.031,-0.302,-0.373,-0.924,0.245,0.455,-0.822,0.823,0.553,-0.089,0.739,-0.277,-0.267,1.017,-0.661,-0.116,0.672,-0.387,0.420,0.241,-0.251,-0.170,-0.752,-0.259,-0.940,0.232,-0.040,0.123,-0.142,-0.066,0.286,-0.025,-0.179,-0.529,0.068,-0.116,0.378,0.385,0.944,-0.015,-0.028,-0.535,0.051,-0.152,0.668,0.030,0.051,-0.109,1.017,1.113,0.171,-0.039,-0.346,-0.923,0.464,-0.104,-0.399,-0.179,-0.106,-0.478,-0.147,0.705,-0.321,-0.159,0.357,-0.326,-0.634,0.156,0.020,0.509,0.203,0.130,-0.584,-0.509,0.270,-0.238,-0.316,0.336,0.324,-0.467,-0.779,-0.427,-0.616,-1.083,0.197,-0.369,-0.120,-0.907,-0.103,0.467,0.347,0.905,0.231,-0.113,-0.400,-0.068,0.248,-0.121,0.913,0.366,-0.059,-0.714,-0.006,0.133,-0.036,0.108,-0.391,0.782,-0.978,-0.368,-0.736,0.653,0.641,0.165,-0.632,-0.082,-0.047,-0.463,-0.036,-0.180,0.208,-0.346,-0.364,0.237,-0.648,-0.414,-0.062,0.248,-2.485,0.053,-0.864,0.444,-0.579,0.393,1.103,-0.921,-0.467,0.683,0.866,-0.241,0.350,0.143,0.038,0.126,0.608,0.048,-0.090,-0.380,0.949,-0.538,0.677,0.178,0.102,-0.309,2.007,-0.217,0.262,-1.229,-0.496,-0.771,-0.826,-1.051,0.566,-0.398,-0.809,0.109,-0.258,0.787,-0.339,-0.207,0.437,-0.086,0.316,0.129,-0.745,0.573,-0.351,0.331,-0.458,-0.030,-0.373,-0.148,-0.353,-0.363
-0.543,0.201,0.689,0.782,-0.566,-0.252,-0.004,0.132,0.251,0.545,-0.261,0.186,0.147,0.085,-0.373,0.093,-0.714,-0.578,0.392,-1.000,-0.811,-0.255,0.038,0.443,-0.094,-1.233,-0.394,-0.966,-0.090,0.228,-0.267,0.410,1.131,-0.734,-1.385,0.077,-0.159,-0.129,0.392,-0.125,0.527,-1.395,-0.086,0.197,0.369,-0.053,-0.466,-0.243,0.018,-0.049,0.398,-0.665,0.002,0.681,-0.589,1.044,-0.467,0.251,0.291,-0.685,0.952,-0.476,0.027,-0.086,-1.458,0.699,0.156,-0.120,-0.566,0.468,0.116,0.350,0.229,0.605,-0.157,-0.410,-0.097,0.565,-0.262,-0.533,0.098,0.264,-0.214,-1.064,-0.036,-0.077,0.045,0.322,-0.298,-0.350,0.289,0.107,-0.019,-0.075,0.360,-0.273,-0.169,-0.687,-0.116,-0.510,-0.716,-0.675,-0.428,-0.096,-0.289,0.230,-0.908,0.202,-0.045,-0.037,0.676,-0.189,0.689,-0.064,0.249,-0.096,-0.533,0.226,0.084,0.548,-0.301,0.110,-0.557,-0.642,-0.725,0.277,0.834,0.447,-0.679,0.031,0.122,-1.135,0.033,0.023,0.330,0.084,-0.717,-0.563,-0.360,-0.041,0.410,0.263,0.555,0.514,0.028,-0.922,-0.388,-0.495,0.255,0.591,1.916,-0.243,-0.110,0.474,-0.110,0.208,-0.106,-0.211,-0.575,-0.246,0.347,-0.203,0.430,-0.052,0.387,0.058,0.897,0.082,-0.085,0.058,-0.262,0.853,0.026,-0.962,-0.159,-0.481,0.942,-0.165,-0.503,-0.781,-0.165,-0.463,0.070,-0.120,0.028,0.229,-0.208,-0.236,-0.168,0.429,0.400,0.247,-0.239,0.443,0.357,-0.468,0.045,0.089,0.306,0.424
0.310,-0.236,-0.883,-1.834,-0.890,0.991,-0.883,-0.194,-0.192,-0.044,-0.084,0.697,-0.234,0.476,0.354,-0.239,-1.002,-0.277,0.268,0.671,-0.056,1.015,0.036,0.537,-0.464,0.440,-0.314,-0.583,0.258,-0.291,0.554,-0.120,-0.308,0.001,-1.271,0.055,-0.281,-0.397,0.413,-0.654,0.189,-0.411,0.160,0.261,0.303,-0.059,0.119,0.075,-0.220,0.266,-0.405,-0.827,-0.524,-0.775,0.015,0.198,0.206,0.388,-0.545,-1.595,0.129,-0.311,0.364,-0.139,-1.462,-0.204,-0.308,0.109,0.031,-0.359,-0.240,0.238,0.342,-0.019,-0.395,0.041,-0.180,0.230,-0.284,0.968,-0.032,-0.176,-0.372,-1.455,-0.781,-0.155,0.245,0.234,0.039,-0.646,-0.224,0.244,0.018,0.095,-0.799,-0.767,0.325,0.233,-0.114,0.714,0.242,0.816,0.070,-0.441,-0.423,0.119,-0.551,-0.484,0.479,-0.223,0.802,0.432,-0.916,-0.120,0.223,-0.311,-0.010,-0.170,0.289,-0.155,0.148,-0.230,0.023,-0.170,0.196,0.951,0.157,-0.059,0.563,0.186,0.021,-0.239,-0.303,-0.166,0.346,-0.180,-0.225,-0.178,0.093,-0.027,0.838,0.261,0.078,-0.150,-0.119,-0.273,-0.036,0.465,0.675,-0.447,1.676,0.530,0.330,-0.159,-1.557,-0.355,-0.659,0.042,-1.163,-0.647,0.384,-0.580,-0.104,-0.119,0.155,0.704,-0.737,-0.380,-0.104,0.577,-0.061,0.576,0.228,0.145,-0.051,-0.362,-0.513,0.153,-0.473,0.052,0.022,-1.098,-0.181,-0.250,0.198,-0.452,0.236,0.113,-0.209,0.503,-0.102,-0.190,-0.345,0.515,-0.175,0.161,0.310,0.247,-0.257,0.190
0.026,0.219,0.275,-1.001,-1.009,-0.322,-0.111,0.160,0.465,0.463,-0.646,-0.008,-0.127,0.023,-0.686,-0.084,-0.051,0.030,0.016,-0.169,0.569,0.591,-0.075,-0.026,-0.659,-0.660,-0.633,0.531,-0.509,-0.003,-0.801,-0.689,-0.694,-0.672,-0.068,0.432,0.574,0.428,-0.912,-0.370,-0.574,0.254,-0.241,-0.139,-0.206,0.122,0.722,-0.014,-0.488,-0.041,0.080,-0.240,-0.077,0.349,-0.565,0.003,-0.034,0.242,0.217,-0.146,0.393,-0.403,-0.331,-0.363,1.071,1.039,0.445,-0.146,0.133,0.163,0.594,-0.262,0.529,-0.829,0.177,-0.263,-0.051,-0.327,0.783,0.552,0.050,-0.117,0.496,-0.166,-1.285,-0.045,0.296,-0.315,0.155,0.092,-0.315,-0.012,-0.296,0.278,0.432,0.047,-0.600,-0.318,-0.145,-0.253,-0.266,-0.310,-0.683,0.042,0.737,-0.148,0.318,-0.935,-0.341,-0.514,0.301,-0.551,0.219,0.672,0.082,0.318,0.183,0.230,-0.448,0.317,0.025,0.013,-0.587,0.077,-0.058,-0.128,1.043,0.121,-0.579,-0.980,0.335,-0.224,0.087,0.271,-0.365,-0.266,0.296,0.314,-0.077,-0.539,-0.870,-0.442,-0.807,0.586,-0.341,0.962,0.046,0.080,-0.219,-0.558,-0.638,-0.203,-0.422,0.230,-1.340,-0.714,0.627,0.237,-1.480,0.357,0.809,0.316,0.099,0.268,0.635,-0.533,0.634,-0.278,0.434,-0.189,1.844,-0.470,0.048,0.434,-0.444,-0.061,-0.100,1.611,0.352,-0.254,-0.273,-0.073,-0.414,-0.644,-0.342,-0.457,-0.038,0.063,0.202,0.120,-0.068,0.847,0.079,-0.548,-0.178,-0.012,-0.168,-0.164,-0.321,-0.082
0.261,-0.574,0.842,0.402,-0.787,-0.164,0.311,0.326,0.026,0.665,-0.412,-0.546,0.198,-0.081,0.053,0.896,-0.087,0.067,-0.651,0.422,-0.217,0.057,-1.320,-0.423,-0.471,-0.099,0.988,-0.809,-0.494,0.669,0.114,0.026,0.367,0.635,0.306,-0.335,0.076,0.383,-0.783,-0.101,-0.198,0.697,-0.113,-0.292,0.143,-0.033,0.179,-0.118,0.195,-0.248,0.144,0.529,-0.286,0.423,1.635,-0.488,0.331,-0.110,-0.386,-1.244,-0.341,-0.334,-0.221,0.341,-0.623,0.916,0.318,0.426,0.461,2.008,0.305,0.343,-0.248,-0.530,-0.001,-0.074,0.243,0.323,0.431,-0.043,-0.118,0.121,0.489,-0.657,0.775,0.141,-0.031,-0.123,-0.071,-0.006,-0.013,0.338,-0.041,0.179,1.101,-0.251,-0.942,-1.299,-1.719,0.016,0.812,1.170,0.247,-0.339,0.135,0.342,0.112,0.722,0.086,-0.082,-0.232,0.463,0.183,0.303,-0.099,-0.708,0.056,0.185,-0.521,0.093,-0.231,-0.090,-0.515,0.283,-0.451,-0.155,0.236,0.078,0.398,0.213,0.494,-0.151,-0.511,-0.569,0.106,-0.145,0.243,0.031,0.300,0.575,0.331,-0.572,-0.099,-0.733,0.671,0.023,-0.244,-0.055,0.173,-1.747,0.381,-0.248,-0.163,0.228,-0.439,-0.080,-0.255,0.576,0.738,0.546,1.406,0.009,-0.208,-0.130,-0.082,-1.220,-0.084,0.113,-0.459,1.615,2.464,0.609,0.456,0.642,-0.727,-0.342,-0.159,-0.622,0.185,-0.751,-0.366,0.209,0.185,-0.158,-0.394,-0.636,0.090,-0.136,0.231,-0.043,-0.245,-0.178,0.142,-0.520,-0.284,0.489,-0.380,-0.018,-0.207,-1.951
0.136,1.284,0.694,0.129,-0.072,-1.202,0.534,0.140,0.005,-0.566,0.086,0.329,-0.005,-0.171,-0.214,0.182,-0.273,-0.355,-0.163,-1.375,-0.105,-0.963,-1.353,0.692,0.454,-0.059,0.319,0.463,-0.609,0.605,0.087,-0.168,-0.018,-0.030,0.225,-0.127,0.369,0.125,-0.286,-0.703,-0.832,-1.507,0.217,0.376,0.041,0.002,-0.198,-0.377,-0.055,-0.318,0.110,-0.757,0.258,0.322,0.379,0.063,-0.050,-0.162,-0.097,-0.644,0.160,-0.205,-0.066,-0.356,0.026,0.850,0.216,0.079,-0.388,0.291,0.179,-0.477,-0.285,0.260,-0.101,0.177,-0.370,0.356,-0.038,1.107,-0.029,-0.836,-0.277,-0.121,-0.411,-0.331,-0.463,0.118,-0.105,-0.015,-0.106,-0.451,-0.356,0.623,-0.125,0.211,-0.928,0.065,-0.110,-0.501,0.257,0.735,-0.616,-0.298,0.073,0.504,0.370,-0.135,-0.433,-0.661,0.333,0.166,0.014,-0.066,0.530,-0.356,0.090,0.464,-0.071,0.203,-0.037,0.730,-2.360,-0.320,-1.624,-0.186,1.403,0.755,-0.038,-0.146,-1.308,-0.298,0.281,-0.106,0.106,0.606,-0.504,-0.429,-0.292,0.637,-1.106,-0.230,-0.224,0.040,-1.326,0.884,-0.055,-0.265,-0.073,0.811,0.712,-0.345,0.034,0.250,-0.043,0.143,0.278,0.350,0.229,0.322,0.333,-0.359,-0.053,0.653,0.451,0.149,1.091,-0.579,0.217,-0.537,1.203,-0.342,-0.105,-1.565,-1.216,-0.296,0.816,0.237,0.714,0.008,-0.419,-0.143,0.019,0.461,0.074,0.267,0.404,0.137,-0.478,0.337,-0.208,0.581,-0.645,0.161,-0.610,-0.267,-1.450,-0.364,-0.648,0.691
0.088,1.609,0.356,-0.089,-0.164,-0.742,0.334,-0.039,0.001,-1.067,0.350,0.510,-0.195,-0.325,-0.187,0.285,0.167,-0.323,0.183,-0.809,-0.169,-0.202,-1.820,1.041,0.499,0.705,0.627,0.525,-0.299,0.274,0.025,-0.207,-0.110,0.376,0.427,0.515,-0.281,-0.190,0.353,-0.138,-0.422,-1.079,-0.266,0.456,0.096,0.026,-0.135,-0.321,0.136,-0.027,0.193,-0.177,-0.178,-0.095,2.332,-0.640,0.167,0.126,-0.076,-0.558,0.369,0.433,-0.019,-0.078,-0.979,-0.326,0.242,0.155,-0.531,-0.815,0.515,-0.524,-0.363,0.713,-0.433,-0.147,-0.116,0.533,0.541,1.539,-0.065,-0.608,-0.598,-1.102,-0.498,-0.294,-0.546,-0.431,0.447,-0.159,0.860,-0.148,-0.110,0.252,-0.562,-0.004,-0.666,1.074,-0.036,-0.242,0.450,-0.143,0.058,-0.239,0.422,0.186,0.160,-0.050,-0.399,-0.046,0.110,0.071,0.122,-0.603,0.765,0.526,0.713,0.155,0.356,0.074,-0.169,0.524,0.864,0.131,0.168,-0.640,-0.732,0.127,0.129,-0.283,-0.057,0.361,0.051,-0.239,0.305,0.095,-0.070,-0.158,-0.033,0.709,-0.708,0.137,-0.395,-0.042,-0.215,0.645,-0.464,-0.478,0.079,1.044,0.546,-0.384,-0.023,0.321,0.547,-0.033,0.057,0.332,0.315,-0.184,0.309,0.354,0.001,-0.091,0.391,0.650,0.493,0.400,-0.327,0.057,0.448,-0.802,-1.103,-1.451,0.174,-0.350,0.045,0.469,-0.181,0.181,-0.078,-0.318,-0.285,0.149,0.351,0.245,0.033,0.237,-0.202,0.110,0.293,0.453,-0.197,-0.012,0.494,-0.269,-0.973,-0.421,-0.179,0.656
-0.877,0.155,-0.240,-0.045,0.250,-0.218,0.122,-0.488,0.030,0.397,-0.301,0.488,-0.337,0.064,-0.167,-0.342,-0.290,0.321,0.694,-0.550,0.957,0.799,-0.110,-0.360,-0.592,-1.367,0.021,-0.405,0.231,0.512,0.131,-0.235,-0.591,-0.408,0.814,0.250,-0.291,-0.320,-0.163,-0.210,0.331,0.407,-0.026,-0.685,-0.103,-0.018,0.986,0.291,-0.407,-0.472,-0.443,0.152,0.106,-0.661,-0.305,0.435,0.255,-0.076,-0.038,-0.141,-0.224,-0.184,0.153,0.364,1.005,-0.613,-0.663,-0.492,0.457,0.016,-0.426,0.101,0.325,-0.096,-0.375,0.198,-0.634,-0.512,0.143,0.950,0.051,0.288,-0.099,-1.437,-1.092,0.362,0.312,0.188,-0.675,-0.331,-0.815,0.530,-0.792,-0.009,0.390,0.273,0.912,-0.009,-0.031,0.371,-0.369,-1.124,0.185,-0.086,0.126,0.279,0.411,0.290,0.615,0.040,0.113,0.349,0.032,0.150,0.016,-0.200,0.186,-0.594,-0.144,-0.064,0.370,-0.719,0.429,-0.414,0.427,-0.340,-0.886,-0.392,0.346,-0.197,0.708,-0.008,0.259,0.024,-0.196,-0.248,0.606,-0.310,-0.282,-0.596,-0.182,-0.778,0.203,-0.066,-0.103,-0.060,0.038,0.506,0.830,-0.064,-0.295,-0.409,-0.250,-0.176,1.387,1.391,0.097,-0.204,-0.321,0.422,-1.151,-0.033,-0.245,-0.188,0.543,0.373,-0.119,-0.026,0.513,-0.230,-0.652,-0.183,0.704,0.320,-0.275,-0.366,-1.254,-0.410,0.511,0.834,-0.911,-0.189,-0.090,-0.164,-0.602,-0.072,0.177,-0.185,0.510,-0.217,-0.566,-0.377,0.363,0.173,-1.823,-0.408,0.521,0.514,-0.024,-0.180
-0.013,0.259,0.131,-1.073,-1.272,0.350,-0.780,0.150,-0.087,-0.383,0.420,0.764,0.017,0.144,0.054,-0.793,-0.999,0.165,0.538,-0.238,0.411,1.455,-0.091,0.531,-0.723,-0.405,-0.205,0.064,0.379,-0.196,0.782,-0.284,-0.884,-0.163,-0.530,0.409,0.111,-0.045,0.574,-0.387,-0.132,-0.412,-0.164,0.306,0.045,0.053,0.283,0.059,-0.199,-0.324,-0.595,-0.676,-0.703,-0.422,-0.360,0.089,0.374,0.323,-0.296,-0.885,0.882,-0.408,0.121,0.016,-0.322,0.618,-0.111,-0.172,-0.232,-0.710,-0.570,0.004,0.292,-0.413,-0.587,-0.142,-0.547,-0.435,0.064,0.517,0.086,0.404,-0.386,-1.158,-0.434,0.106,0.288,0.104,-0.033,-0.127,-0.385,0.262,-0.228,-0.035,-0.734,-0.389,0.342,0.074,0.457,-0.007,0.192,0.141,0.098,-0.130,0.272,0.199,-0.274,-0.822,0.873,-0.044,0.640,0.207,-0.755,-0.255,-0.014,0.261,-0.612,-0.207,0.049,-0.526,0.295,-0.254,0.434,0.289,-0.228,-0.453,0.409,0.268,0.709,-0.453,-0.052,-0.351,-0.055,0.113,0.063,-0.348,-0.339,-0.309,-0.249,-0.293,0.165,-0.045,0.169,0.003,-1.538,0.338,-0.611,0.852,0.434,0.059,0.953,0.335,0.116,-0.184,-0.325,-0.431,-0.514,-0.130,-0.377,-0.638,0.210,-0.496,0.040,-0.058,-0.603,0.706,-0.711,-0.068,-0.083,-0.941,0.547,0.708,0.511,0.060,-0.516,-0.638,0.289,0.493,0.082,-0.335,-0.494,-0.377,-0.530,-0.004,0.011,-0.402,-0.065,-0.002,-0.298,0.173,0.081,-0.199,-0.197,0.587,0.085,-0.087,0.918,0.350,-0.010,0.680
1.433,-0.196,-0.471,-0.374,-0.313,-0.098,-0.583,-0.265,-0.242,-0.365,0.330,-0.068,-0.475,0.108,0.472,-0.957,-0.170,-0.209,0.319,0.916,-0.605,0.001,0.810,1.130,0.483,1.871,-0.184,-0.016,-0.101,-1.044,0.406,0.332,-0.698,0.678,-0.707,-0.852,-0.347,-0.535,0.788,0.164,0.491,-0.456,-0.071,0.162,0.110,-0.069,-0.284,-0.043,0.012,0.239,-0.610,-0.994,-0.945,-0.746,0.487,-0.126,0.519,0.195,-0.088,-0.107,1.771,0.668,0.216,0.156,-1.128,-0.622,-0.514,-0.143,-0.290,-0.995,-0.509,0.381,0.395,0.323,-0.158,0.097,0.470,0.305,-0.252,-0.820,-0.641,-0.430,-0.402,0.181,-0.465,-0.621,0.134,0.187,0.078,0.524,0.169,0.240,0.304,-0.536,-1.410,-0.626,0.497,0.500,0.167,0.247,0.440,0.150,0.829,0.644,0.380,-0.120,-0.157,-1.007,-0.087,0.289,-0.024,-0.081,-0.714,-0.266,0.252,0.196,0.093,0.159,0.289,-0.313,-0.087,0.135,1.061,-0.261,0.887,-0.026,-0.675,-0.364,-0.052,0.115,-0.052,0.017,-0.209,0.023,0.353,-0.447,-0.111,-0.339,0.004,-0.049,0.562,0.495,0.401,-0.122,0.593,-0.719,0.632,-0.358,-0.356,0.390,0.526,0.576,0.192,-0.239,0.652,-0.174,-0.218,0.003,-0.488,-0.792,0.367,-0.568,0.096,-0.398,-0.475,-0.056,-0.461,0.096,-0.087,1.079,-0.172,0.073,-0.275,0.037,0.636,-0.137,-0.382,-1.010,-0.334,-0.781,0.019,-0.042,0.420,-0.117,0.353,-0.474,-0.057,0.191,-0.290,0.214,-0.107,-0.396,-0.082,0.066,0.742,0.011,-0.131,0.027,0.648,0.737
0.452,-0.876,0.284,-0.777,-1.082,0.469,-1.286,0.311,0.029,0.438,0.107,0.019,0.087,0.457,0.059,0.054,-0.883,0.320,0.341,1.177,-0.308,0.363,0.667,0.325,-1.319,0.837,-0.581,0.174,0.007,0.037,0.589,-0.187,-0.294,-0.146,-0.415,-0.156,0.340,0.198,-0.006,-0.244,0.016,-0.196,0.074,-0.049,-0.110,0.093,0.644,0.044,-0.010,-0.359,-0.036,-0.650,-0.303,0.190,-0.700,0.348,-0.478,0.391,-0.393,-1.922,0.157,-0.884,-0.243,-0.200,0.064,1.001,-0.093,-0.120,0.567,1.301,-0.526,0.006,0.662,0.024,-0.285,-0.646,0.409,0.031,0.526,0.649,-0.200,0.185,0.401,-1.627,0.005,0.143,0.409,0.355,-0.113,-0.142,-0.422,0.414,0.098,-0.156,0.494,-0.432,-0.166,-0.456,-0.117,-0.482,0.356,1.117,-0.283,-0.164,0.483,0.064,-0.111,-0.824,0.104,-0.218,0.636,0.033,0.214,0.335,-0.577,-0.163,0.312,0.250,-0.080,-0.539,0.153,-0.136,-0.600,-0.288,0.244,0.566,1.483,0.055,0.311,0.038,-0.297,0.193,-0.100,0.101,0.007,-0.716,-0.533,0.119,-0.394,-0.126,0.192,-0.291,0.079,-0.066,0.933,0.055,0.345,0.282,0.549,-0.655,1.183,1.064,0.340,-0.171,-1.640,0.070,-0.100,-0.102,0.438,0.128,0.846,-0.151,0.249,0.121,-0.561,-0.480,0.353,-0.249,-0.733,0.696,0.629,0.712,0.370,0.854,-0.498,-0.224,1.653,1.079,-0.759,0.149,-0.216,-0.540,-0.274,-0.441,0.051,-0.574,-0.236,0.126,-0.042,0.615,0.366,-0.370,-0.071,0.250,-0.829,-0.179,0.420,0.450,-0.389,0.219
-0.075,0.421,0.181,-0.970,-0.408,-0.218,-0.118,-0.023,-0.132,-0.716,-0.236,0.741,0.041,0.333,0.364,-0.240,-0.355,-0.111,0.165,-1.155,1.045,0.232,-0.074,-0.594,-0.197,-0.576,-1.265,0.450,-0.150,0.382,-0.113,-0.159,-0.465,0.045,0.442,-0.083,-0.333,-0.266,-0.569,-0.915,0.185,0.548,0.359,0.059,-0.032,-0.010,0.618,-0.064,-0.489,-0.017,0.383,-1.058,-0.421,-0.137,0.667,-0.495,-0.062,0.308,-0.094,-0.514,0.429,0.259,-0.101,-0.424,-0.573,-0.914,-0.090,-0.501,0.224,-0.062,0.635,-0.264,-0.189,-0.561,-0.090,-0.245,-0.216,0.343,0.690,2.549,-0.224,-0.391,-0.323,-0.675,-1.717,-0.346,0.051,0.133,-0.192,0.224,0.201,-0.121,-0.248,-0.043,-1.190,0.025,0.380,0.364,0.282,-0.262,-0.186,-0.597,-0.804,-0.108,0.109,0.294,0.463,-1.167,-0.513,-1.205,0.429,0.084,-0.040,0.413,0.149,-0.116,0.524,0.206,0.063,0.057,0.107,0.304,-0.344,0.221,0.530,0.101,0.804,-0.519,-0.677,-0.373,0.206,0.183,0.312,0.299,-0.240,-0.392,-0.134,-0.463,-0.320,-0.720,-0.060,-0.345,-0.466,0.352,-0.400,0.370,0.126,0.294,0.247,0.178,1.750,-0.386,-0.490,0.569,-0.093,-0.181,0.248,-0.120,-1.980,-0.599,0.088,0.219,0.011,0.697,0.313,0.910,0.035,-0.214,0.229,0.466,-0.778,-0.035,-0.039,-0.085,-0.315,-0.245,1.051,1.397,-0.520,0.386,-0.569,-0.544,-0.183,-0.034,-0.935,0.242,0.596,0.149,-0.270,0.209,-0.063,0.498,-0.171,0.147,0.065,0.163,0.023,0.026,0.309,0.322
-0.445,-0.553,-0.120,-0.106,-0.037,-0.196,0.023,-0.280,-0.147,-0.087,-0.282,0.465,-0.258,-0.151,0.234,-0.474,0.059,0.401,0.719,-0.094,0.590,0.390,-0.589,-0.067,-0.592,-1.043,-0.539,0.430,0.391,0.866,0.043,-0.539,-0.745,-0.159,1.038,-0.242,0.326,0.064,-0.338,-0.265,-0.259,0.555,0.126,-0.864,0.097,0.109,1.010,0.023,-1.150,-0.580,-0.413,0.109,-0.220,-0.291,0.771,0.306,0.493,-0.245,-0.092,0.250,-0.465,0.165,0.054,0.234,0.912,0.233,-0.557,-0.647,0.341,0.685,-0.125,-0.225,1.109,-0.454,-0.374,-0.105,-0.250,-0.859,0.372,0.110,-0.397,0.379,0.374,-0.718,-0.349,0.228,0.519,-0.207,-0.509,-0.024,-0.066,-0.251,-0.875,-0.182,-0.088,0.369,0.711,-0.089,-0.142,0.347,-0.516,-0.465,-0.313,0.104,0.114,0.172,0.513,0.420,0.210,0.027,0.389,0.150,-0.024,0.181,0.391,-0.597,0.287,-0.051,-0.455,0.334,0.270,-0.528,-0.277,-0.292,-0.289,-0.395,-0.357,0.060,-0.063,-0.385,0.181,0.276,0.183,0.181,0.051,-0.118,0.395,-0.035,-0.187,-0.342,-0.114,-0.790,-0.153,0.150,-0.019,0.461,0.008,0.473,0.914,-0.098,0.225,-0.320,-0.416,-0.365,0.358,0.692,0.015,0.095,-0.282,0.026,-1.043,-0.060,-0.211,-0.134,0.120,0.120,-0.221,0.022,0.529,-0.043,-0.004,0.022,0.162,0.035,-0.090,-0.230,-1.029,0.221,0.267,0.305,-0.969,0.040,-0.029,0.387,-0.931,-0.067,-0.109,-0.150,0.902,-0.114,-0.380,-0.520,0.643,-0.257,-2.036,-0.321,0.629,0.092,-0.188,0.029
0.350,-0.876,-0.035,-0.147,-0.628,0.430,0.365,-0.208,0.281,0.715,0.226,0.176,-0.342,-0.368,-0.769,0.249,0.003,0.124,-0.063,-0.212,-1.161,-0.858,0.783,-0.032,-0.031,0.528,-0.201,-0.709,-0.381,-0.141,-0.346,-0.247,0.416,-1.020,-0.393,0.364,0.540,0.123,0.536,-0.355,-0.451,-0.362,0.417,0.292,0.263,0.060,0.110,-0.102,0.202,0.268,-0.230,0.001,-0.670,-0.187,-0.627,0.055,0.290,0.375,-0.057,-1.230,0.680,-0.858,-0.003,-0.250,-0.063,1.003,0.292,-0.357,0.064,-0.061,-0.057,0.169,-0.210,1.084,-0.180,-0.418,0.239,0.189,-0.166,0.010,-0.279,0.262,0.160,-0.359,-1.562,-0.247,0.354,0.345,0.145,-0.432,0.540,-0.121,-0.234,0.317,0.109,-0.565,-0.085,0.354,-0.541,0.245,-0.454,0.106,-0.185,-0.193,0.591,0.430,-0.708,-0.674,0.369,0.151,-0.134,-0.240,0.359,-0.003,0.282,0.191,-0.064,-0.050,0.202,0.330,-0.122,0.399,-3.138,-0.078,0.071,0.856,0.909,0.157,-0.830,-0.484,0.029,-1.131,-0.118,-0.128,-0.035,-0.557,0.147,0.076,-0.016,-0.345,-0.527,0.467,-0.039,0.589,-0.630,0.140,0.440,-1.121,-1.055,-0.382,0.196,0.038,-0.069,0.355,-1.200,-0.476,0.112,0.253,-1.460,-0.031,1.173,0.232,0.348,-0.279,0.248,-1.041,0.998,-0.321,-0.129,0.415,2.401,0.127,-0.331,0.025,-0.267,0.060,-0.210,0.641,-0.839,-0.632,0.057,-0.588,-0.314,0.589,0.615,-0.269,-0.000,0.011,0.109,0.771,0.619,0.681,-0.085,-0.398,-0.114,0.375,-0.993,-0.049,-0.503,-0.021
0.804,-0.424,-0.093,-0.507,-0.312,0.110,-0.853,-0.300,-0.009,0.164,0.433,-0.531,-0.330,-0.550,0.576,0.374,0.605,0.080,0.109,0.351,-0.271,-0.517,0.056,0.176,-0.192,1.298,-0.280,-0.313,0.354,-0.507,-0.065,-0.113,-0.798,-0.417,0.002,0.163,0.061,0.020,0.036,0.610,-0.234,0.480,0.063,-0.233,-0.157,-0.087,-0.114,0.030,-0.223,0.096,-0.650,0.058,-0.708,-0.122,-0.546,-0.504,-0.025,0.125,-0.177,0.295,0.307,0.423,-0.201,-0.126,0.051,-0.228,0.345,0.056,0.357,0.675,-0.094,-0.325,0.152,-0.365,-0.562,-0.198,0.739,0.108,0.500,-0.236,-0.355,-0.369,-0.049,-1.090,-0.330,0.028,-0.480,-0.477,0.461,0.132,0.197,0.074,0.450,-0.133,-0.205,-0.215,-1.260,0.471,-0.070,0.525,0.856,0.091,0.042,-0.164,1.492,0.050,-0.333,-0.434,0.013,0.696,-0.198,0.198,-0.396,-0.057,-0.133,0.655,0.501,0.166,-0.156,0.055,-0.245,-0.054,0.402,0.345,0.305,-0.175,0.366,-0.046,-0.112,-0.584,0.518,0.756,-0.229,-0.381,0.166,-0.193,0.271,0.388,0.125,-0.528,-0.388,-0.091,-0.813,-0.019,0.118,0.674,-0.146,-0.950,-0.912,-0.312,-0.415,0.113,0.629,-0.134,0.662,1.247,-0.058,-0.187,-1.259,-0.254,-0.719,0.476,-0.017,-0.434,1.025,0.447,-0.298,0.325,-0.818,0.419,0.817,-0.781,-0.516,-0.292,0.589,-0.027,-1.947,0.249,-0.550,-0.532,-0.165,-0.291,-0.041,-0.068,0.361,0.375,-0.085,0.258,0.302,-0.241,-0.137,0.489,0.332,-0.197,-0.062,0.031,-0.728,-0.379,0.208,-0.440
-0.156,0.091,0.330,-1.097,-0.938,-0.001,-0.152,0.071,0.334,0.555,-0.189,-0.020,-0.208,-0.060,-0.353,-0.214,0.234,0.094,-0.220,-0.219,0.790,0.547,-0.347,-0.018,-0.520,-0.571,-0.625,0.183,-0.674,0.443,-0.734,-0.558,-0.397,-0.396,0.186,0.520,0.631,0.455,-1.046,-0.175,-0.280,0.210,0.123,0.011,-0.038,0.041,0.640,-0.119,-0.306,0.002,0.050,0.052,0.200,0.150,-0.093,0.170,-0.293,0.167,0.129,-0.678,-0.288,-0.412,-0.353,-0.500,0.919,0.908,0.516,-0.174,0.407,0.136,0.370,-0.113,0.248,-0.333,0.189,-0.301,0.042,-0.077,0.700,0.600,-0.219,-0.046,0.762,-0.030,-2.207,0.061,0.247,-0.198,0.487,0.054,-0.110,-0.243,-0.206,0.145,0.432,0.198,-0.559,-0.311,-0.019,-0.291,-0.307,-0.557,-0.678,-0.217,0.586,-0.159,0.337,-0.829,-0.184,-0.318,-0.033,-0.426,0.181,0.475,0.108,0.035,0.491,0.434,-0.364,0.579,-0.003,0.514,-1.066,-0.026,-0.170,0.081,1.051,0.277,-0.381,-0.933,0.396,-0.432,0.245,0.117,-0.346,-0.104,0.270,0.342,-0.002,-0.369,-0.864,-0.311,-0.582,0.505,-0.321,1.312,-0.053,-0.048,-0.143,-0.562,-0.718,-0.130,-0.270,0.145,-1.289,0.152,0.385,0.002,-1.743,0.286,0.429,0.288,0.173,0.395,0.466,-0.378,0.891,-0.493,0.113,0.123,2.022,-0.430,-0.201,0.386,-0.521,-0.044,-0.437,1.442,0.041,-0.037,-0.293,0.063,-0.420,-0.533,-0.462,-0.307,-0.102,0.110,0.413,0.301,-0.010,0.890,0.102,-0.522,0.067,0.281,-0.610,-0.344,-0.329,-0.097
-0.694,0.382,0.770,-0.291,-0.501,-0.033,-0.795,0.639,0.049,-0.603,-0.177,0.233,0.261,0.305,-0.200,-0.173,-0.370,0.385,0.629,-0.344,0.826,0.740,-0.016,-0.908,-0.966,-0.066,-0.201,-0.179,-0.082,0.373,0.845,0.165,0.325,0.828,0.073,0.184,-0.452,-0.114,-0.568,-0.638,-0.008,-0.331,-0.046,-0.183,-0.283,0.025,0.682,-0.115,-0.540,-0.374,0.214,-1.322,-0.125,0.206,0.047,1.074,-0.277,0.124,0.087,-0.689,-0.377,-0.251,-0.164,-0.375,0.265,-0.442,0.231,0.039,0.341,-0.996,0.200,-0.897,0.240,0.155,-0.026,0.198,-0.451,0.450,1.496,0.864,-0.247,-0.405,0.292,-0.585,0.389,-0.354,0.166,-0.138,0.131,-0.274,-0.067,-0.125,-1.001,-0.372,0.090,0.477,0.832,0.241,-0.563,0.259,0.100,0.720,-0.411,0.198,0.691,0.721,0.082,-0.737,-0.481,-0.880,0.878,0.431,0.220,0.033,-0.094,-0.504,-0.496,0.389,-0.123,-0.318,0.189,-0.297,-0.349,-0.233,0.131,-0.066,1.091,0.467,0.054,-0.220,0.027,0.200,0.266,0.397,0.076,-0.464,-0.945,-0.033,-0.142,-0.169,0.433,-0.194,-0.414,-0.320,-0.884,0.331,-0.171,0.094,0.361,0.531,0.949,0.244,-0.071,-0.127,-0.103,0.610,-0.186,0.044,0.311,-0.309,0.141,-0.259,-0.005,0.367,-0.276,0.865,-0.023,0.467,-0.317,-1.702,-0.930,0.063,0.245,0.301,-0.676,-0.203,1.438,1.325,0.846,-0.151,-0.421,-1.016,-0.168,-0.534,-0.066,-0.412,0.071,0.004,-0.117,-0.406,0.147,-0.138,0.192,0.774,-0.704,-0.262,0.310,0.285,0.104,0.850
0.487,0.746,0.173,0.225,-0.216,0.358,0.073,0.044,0.156,-1.510,-0.679,0.244,0.345,0.118,0.198,-0.124,0.175,-0.229,0.139,-0.149,-0.443,0.062,0.389,0.206,0.696,0.160,0.683,0.282,-0.606,0.260,0.560,0.294,-0.243,0.916,0.014,-0.008,-0.526,-0.609,0.170,0.190,0.178,-0.453,0.122,0.266,-0.110,0.012,-0.139,0.024,-0.302,-0.540,-0.560,-1.426,-0.974,0.248,3.122,-0.721,0.266,-0.082,-0.051,0.394,-0.204,0.348,-0.007,-0.303,-1.431,-0.521,-0.022,-0.015,0.207,-0.321,0.041,-0.931,0.243,0.217,0.052,0.074,-0.234,0.436,1.637,1.154,-0.666,-1.196,-0.494,1.163,0.303,-0.167,-0.179,-0.103,0.207,0.005,0.134,-0.150,0.278,-0.192,-1.613,0.318,-0.277,0.642,0.415,-0.611,0.930,1.510,0.359,-0.048,0.142,-0.042,0.318,-0.824,-0.517,-0.040,0.638,0.339,-0.435,-0.152,0.714,-0.059,0.122,-0.457,0.369,-0.052,-0.126,0.781,0.523,0.047,1.478,-0.444,-0.397,0.233,0.145,0.060,0.008,0.375,0.329,-0.190,-0.169,-0.131,0.048,-0.229,-0.470,0.390,-0.613,0.183,-0.395,-0.361,0.006,0.344,0.638,-0.207,0.119,0.573,-0.815,0.212,0.052,-0.157,0.349,0.909,0.403,0.540,-0.368,-0.464,0.628,-0.113,-0.356,-0.261,0.126,0.227,-0.435,0.155,0.211,-0.099,0.479,-0.624,-0.261,-0.807,0.638,0.008,0.518,0.076,0.075,-0.658,0.068,0.081,-0.233,-0.037,0.126,0.587,0.221,0.188,-0.483,0.207,-0.259,0.329,-0.177,0.053,0.406,-0.329,-0.722,-0.047,-0.018,0.384
0.214,0.505,0.661,0.275,-0.355,-0.237,0.192,-0.511,0.229,0.020,0.135,-0.454,-0.410,-0.282,-0.383,-0.148,0.508,0.176,-0.045,1.029,-0.470,0.102,0.069,0.259,0.078,0.619,-0.415,0.720,0.019,-0.202,-0.304,-0.648,-0.839,-0.069,-0.292,0.265,0.362,0.481,0.191,0.082,-0.145,0.470,-0.202,-0.298,-0.637,-0.030,-0.006,-0.010,-0.151,-0.341,-0.319,0.492,0.276,-0.217,0.379,0.491,-0.248,0.273,0.345,0.184,0.764,0.270,-0.624,-0.234,0.893,0.493,0.452,-0.066,0.353,0.120,0.206,-0.874,0.094,0.155,-0.152,-0.080,0.326,-0.512,0.543,-0.147,0.091,0.105,0.123,-0.385,-0.209,0.120,-0.436,-0.576,0.258,0.562,-0.284,-0.594,0.375,-0.169,0.308,0.386,-0.194,0.364,0.642,-0.656,0.621,-0.605,0.370,0.334,0.428,0.362,-0.042,-0.690,0.246,-0.208,-0.686,-0.182,-0.367,-0.323,-0.064,0.527,0.253,0.171,0.017,-0.723,-0.230,0.436,0.113,0.609,0.223,-0.789,-0.258,-0.231,0.117,-0.610,0.080,0.404,0.453,0.391,-0.193,0.628,-0.187,0.271,0.587,-0.520,-0.371,-0.400,-1.069,-0.534,-0.291,0.770,-0.208,0.145,-0.486,0.173,-0.015,-0.426,0.276,-0.052,-0.513,1.041,-0.054,-0.141,-0.254,0.188,-0.449,1.115,-0.065,0.018,0.218,0.376,0.047,0.077,-0.234,-0.095,1.685,-0.684,-0.194,-0.225,0.662,-0.007,-0.304,0.897,0.308,-0.562,-0.330,0.123,0.049,0.236,-0.112,0.328,-0.280,0.358,0.166,-0.773,-0.306,0.566,-0.078,-0.170,0.026,-0.267,-0.310,-0.305,-0.099,0.242
-0.611,-0.182,0.330,-0.015,0.318,-0.348,0.078,-0.400,-0.038,0.121,-0.592,0.548,-0.172,0.253,0.053,-0.444,0.095,0.471,0.473,-0.292,0.359,0.771,-0.476,-0.287,-0.326,-1.769,-0.144,0.082,0.379,0.107,0.198,-0.417,-0.761,-0.157,1.156,0.121,0.060,-0.261,-0.168,0.077,-0.667,0.348,-0.335,-0.629,0.028,0.072,0.929,0.100,-0.805,-0.232,-0.299,0.784,0.019,-0.814,0.715,0.778,0.229,-0.094,0.105,0.299,-1.035,0.098,0.129,0.159,1.068,-0.191,-0.040,-0.340,0.463,0.439,0.061,-0.886,0.509,-0.810,0.007,0.116,-0.461,-0.551,0.122,0.135,-0.212,0.193,0.070,-0.744,0.093,0.107,0.274,-0.489,-0.620,0.003,-0.584,0.063,-0.575,-0.213,0.148,0.394,0.581,-0.433,-0.745,0.208,-0.340,-1.492,0.077,-0.186,0.104,0.157,0.676,0.203,0.319,-0.304,0.412,0.319,0.214,-0.014,0.018,-0.355,-0.052,-0.187,-0.441,-0.112,0.402,-0.714,0.007,-0.178,0.201,-0.236,-0.974,-0.298,0.026,-0.514,0.203,0.168,0.297,0.191,-0.292,0.010,0.484,0.147,-0.347,-0.482,-0.167,-0.790,-0.034,-0.352,-0.236,0.244,-0.475,0.617,0.838,0.182,-0.318,-0.624,-0.456,-0.135,-0.154,1.108,0.012,-0.024,-0.525,0.475,-0.565,0.216,-0.198,0.069,-0.008,0.492,-0.319,-0.153,0.321,0.310,-0.202,-0.303,0.511,0.379,0.132,-0.257,-1.381,-0.239,0.526,0.536,-0.665,-0.115,0.076,-0.035,-0.639,0.084,-0.040,-0.328,0.549,-0.699,-0.139,-0.219,0.386,0.122,-2.111,-0.451,0.667,0.326,0.346,-0.089
0.440,-0.255,-0.025,-0.504,-0.331,-0.362,0.501,0.186,0.471,0.154,-0.249,0.314,-0.119,0.029,-0.244,0.516,-0.091,0.061,-0.115,-0.053,0.144,-1.004,-1.620,0.021,-0.748,1.261,0.287,0.244,-0.200,0.195,0.003,-0.670,-0.151,0.116,0.050,-0.005,0.536,0.275,-0.638,-0.793,0.038,-0.163,0.210,-0.007,-0.449,-0.002,0.168,-0.162,-0.067,0.272,-0.282,-0.353,-0.382,0.318,2.108,-0.846,-0.326,-0.081,0.435,-1.346,-0.151,-0.748,-0.102,-0.152,0.305,1.324,0.326,-0.121,0.396,0.248,0.699,-0.105,-0.111,-0.274,-0.236,-0.756,0.207,0.322,1.398,-0.108,-0.630,0.355,0.079,0.088,-0.586,-0.291,0.486,-0.090,-0.083,-0.127,0.326,-0.186,-0.207,0.501,0.542,-0.530,-1.387,-0.229,-0.232,-0.149,1.234,1.259,-0.485,-0.291,0.382,0.061,0.529,-0.231,-0.040,-0.904,0.139,0.631,0.172,0.328,0.104,0.290,0.350,-0.619,-0.307,0.198,-0.109,0.763,-2.440,-0.236,-0.203,0.068,0.701,0.255,-0.276,-0.359,0.264,-0.079,0.103,-0.419,-0.191,-0.329,-0.095,0.324,0.066,0.023,-0.527,-0.531,-0.785,0.071,-0.115,0.994,0.853,-0.083,0.212,-0.899,-0.895,-0.230,0.211,0.016,0.075,-0.056,0.645,0.581,0.165,-0.422,0.554,0.667,0.021,0.039,0.332,-1.579,0.406,-0.563,-0.366,0.177,2.923,-0.394,-0.093,0.510,-0.724,-0.285,-0.855,0.359,0.015,-0.410,-0.702,-0.121,-0.274,0.024,0.143,-0.105,0.477,-0.153,-0.088,0.562,0.287,0.668,0.327,-0.111,-0.715,0.352,-1.289,-0.516,-0.820,-0.715
1.251,-0.068,-0.559,-0.111,-0.259,-0.153,-0.286,-0.317,-0.455,-0.287,0.311,-0.222,-0.204,0.064,0.224,-0.746,-0.124,-0.369,0.382,0.992,-0.591,-0.216,0.582,1.331,0.847,1.229,-0.201,0.034,0.204,-0.793,0.374,0.361,-0.676,0.399,-0.976,-0.958,-0.240,-0.442,0.801,-0.234,0.833,-0.036,-0.014,0.097,0.019,-0.098,-0.040,-0.106,0.128,0.179,-0.441,-0.929,-1.157,-0.575,0.795,0.051,0.302,0.137,-0.172,0.238,1.195,0.485,0.276,-0.089,-0.925,-1.083,-0.354,-0.315,-0.481,-1.162,0.001,0.101,0.025,0.465,-0.115,0.204,0.426,0.440,-0.131,-0.847,-0.848,-0.357,-0.548,0.101,-0.185,-0.837,0.105,0.102,0.190,0.450,0.117,0.046,0.427,-0.384,-0.892,-0.568,0.327,0.330,0.371,-0.256,0.093,-0.256,0.799,0.365,-0.041,-0.177,-0.368,-0.546,0.130,0.164,-0.068,0.080,-0.603,-0.217,0.334,0.172,0.093,0.215,0.279,-0.215,-0.170,-0.184,1.506,-0.476,0.960,0.094,-0.887,-0.680,-0.015,0.340,-0.297,0.140,-0.153,0.021,0.505,0.030,-0.006,-0.440,-0.052,-0.075,0.437,0.421,0.348,0.046,0.680,-1.052,0.555,-0.452,-0.566,0.184,0.322,0.481,0.206,-0.148,0.786,-0.342,-0.237,0.169,-0.339,-0.430,0.304,-0.465,-0.103,-0.228,-0.389,-0.082,-0.936,0.131,0.048,0.658,-0.483,-0.155,-0.669,0.023,0.576,-0.219,-0.693,-0.759,0.017,-1.003,-0.154,-0.032,0.608,-0.265,0.387,-0.188,-0.312,0.285,-0.024,0.392,0.037,-0.212,-0.064,0.288,1.221,0.262,-0.303,-0.049,0.362,0.579
0.750,0.161,-0.448,0.536,0.172,0.353,0.663,-0.855,0.043,0.537,0.154,-0.308,-0.626,-0.495,0.050,0.241,0.707,0.168,0.065,0.495,-0.878,-0.438,-0.569,0.103,0.551,0.273,-0.628,-0.520,0.098,0.226,-0.476,-0.458,0.229,-0.665,-0.150,0.545,-0.021,0.010,0.002,0.553,-0.092,0.640,-0.119,-0.544,0.044,-0.009,-0.149,0.246,0.115,0.091,-0.265,0.604,0.456,-0.205,-0.534,-0.480,0.153,0.053,-0.162,0.345,0.339,0.298,-0.257,0.419,1.943,0.159,0.421,-0.042,-0.392,0.061,-0.083,0.229,0.145,0.446,-0.228,-0.442,0.475,-0.451,-1.137,-0.300,-0.358,0.118,0.009,-0.966,-0.041,0.411,-0.255,-0.778,0.256,0.766,-0.044,-0.247,0.314,-0.199,1.110,0.095,-0.405,-0.117,0.173,-0.577,-0.430,-1.507,-0.416,-0.286,0.503,0.171,-0.177,0.673,0.622,0.478,-0.758,-0.313,-0.221,-0.384,0.032,0.675,0.175,-0.289,-0.159,-0.181,-0.273,-0.232,0.290,0.623,0.634,-0.524,-0.904,0.339,-0.034,-1.063,0.277,0.446,-0.048,-0.104,0.099,0.880,0.477,0.316,0.324,-0.810,-0.317,0.334,-0.822,0.088,0.048,0.494,-0.560,-0.066,-0.901,0.334,-0.906,-0.211,0.306,-0.241,0.045,1.037,-0.294,-0.267,-0.827,0.205,-0.273,0.301,-0.141,-0.316,1.077,0.689,-0.427,0.199,-0.347,0.033,0.921,-0.529,-0.078,0.043,0.879,-0.099,-2.671,-0.096,0.241,-0.447,-0.205,0.001,0.072,0.346,0.152,0.427,-0.080,0.135,0.492,-0.743,-0.200,0.445,0.286,-0.168,-0.055,-0.402,-0.146,-0.383,0.141,-0.600
-0.126,1.245,0.021,0.712,-0.004,0.953,0.635,-0.646,-0.001,0.975,0.442,-0.616,-0.573,-0.456,0.309,-0.053,0.659,0.237,0.072,-0.393,-0.327,-0.221,-0.156,0.419,0.071,-0.827,-1.088,-0.425,0.064,-0.639,0.150,-0.496,-0.227,-0.239,-0.361,1.169,0.442,0.256,0.506,0.348,0.031,0.460,-0.243,-0.223,-0.061,-0.033,-0.209,0.001,0.125,-0.167,-0.400,0.933,0.158,-0.009,-1.178,-0.095,0.218,0.149,-0.048,-0.137,0.589,0.047,-0.107,0.628,1.510,0.744,0.470,-0.107,-0.582,-0.275,-0.252,0.197,-0.225,0.957,-0.510,-0.465,0.330,-0.168,-1.318,-0.729,0.357,0.906,0.382,-1.639,-0.393,0.394,-0.208,-0.330,-0.331,0.371,0.233,-0.027,0.182,0.117,0.811,-0.262,0.131,0.299,0.217,0.070,-0.506,-1.745,-0.772,-0.457,0.082,-0.275,-0.138,0.612,0.835,0.498,-0.670,-0.354,-0.162,-0.351,-0.575,0.006,0.028,0.051,0.201,-0.073,0.072,-0.329,0.861,0.250,-0.380,-0.305,-0.632,0.074,-0.679,-0.515,0.160,-0.062,-0.135,0.073,-0.165,1.117,0.380,0.304,0.274,-0.478,0.023,0.058,-0.276,-0.257,0.182,0.113,-0.359,0.081,-1.724,0.046,1.053,-0.244,0.265,0.128,0.020,0.596,-0.388,-0.750,-0.575,0.235,-0.998,0.693,-0.070,-0.194,0.698,0.449,-0.407,0.242,-0.263,0.173,1.267,0.037,-0.247,0.306,0.019,-0.438,-1.739,-0.350,0.245,-0.480,-0.253,-0.230,0.005,0.305,0.423,-0.009,-0.156,-0.176,0.109,-0.658,0.072,0.155,0.255,0.107,-0.559,0.064,0.278,-0.441,0.597,-0.341
0.170,0.411,0.686,-1.033,-1.294,-0.334,-0.187,0.594,0.386,0.662,0.591,-0.279,-0.091,0.019,0.198,-0.011,-0.489,0.131,-0.377,0.738,0.087,0.503,0.524,0.665,-0.053,-1.156,-0.999,-0.132,-0.316,0.863,0.284,-0.762,-1.046,-0.643,0.023,-0.219,0.614,0.631,0.305,-0.807,0.310,0.384,0.082,0.148,-0.175,0.024,0.269,0.113,-0.155,-0.205,0.259,0.911,0.291,-0.528,-0.932,0.840,0.337,0.132,-0.135,-1.639,0.442,-1.052,-0.204,0.213,0.246,0.893,0.073,-0.097,0.615,1.210,0.115,0.214,0.242,0.195,-0.377,-0.425,-0.185,-0.570,0.488,0.713,-0.314,0.501,0.317,-0.368,0.500,0.141,0.218,0.112,0.341,-0.248,-0.123,0.024,0.102,0.172,0.952,-0.219,-0.509,-0.256,-0.242,-0.434,0.092,-0.080,-0.216,-0.045,-0.211,0.285,-0.621,-0.275,0.768,0.429,0.533,-0.799,-0.049,-0.114,-0.439,0.286,-0.071,-0.219,-0.035,-0.187,0.004,0.011,0.461,0.139,-0.031,0.078,1.561,0.358,1.151,-0.536,0.122,-0.585,-0.062,0.108,-0.139,0.300,-0.263,0.168,0.439,0.224,0.194,0.008,0.269,-0.244,0.824,0.152,0.572,-0.159,0.042,-0.413,0.154,0.326,-0.273,-0.021,-1.766,0.119,-0.494,-0.140,0.304,0.152,0.290,0.539,0.154,-0.038,-0.341,0.168,0.979,-0.643,-0.253,-0.260,1.815,0.507,0.112,0.638,-0.690,-0.403,0.930,0.823,0.076,-0.104,-0.520,-0.300,-0.191,0.801,0.114,-0.468,-1.217,-0.200,-0.151,0.079,0.294,0.132,0.040,-0.542,-0.484,-0.365,0.447,0.426,-0.407,0.037
-0.051,1.352,0.297,0.978,-0.030,-1.156,0.614,-0.335,-0.244,0.113,-0.320,0.124,-0.200,-0.040,-0.119,-0.265,0.223,-0.262,0.082,-1.258,-0.006,-0.103,0.022,1.528,0.904,-1.386,-0.252,-0.047,0.480,-0.493,-0.509,0.013,-1.053,-0.247,-0.903,0.657,0.181,0.200,0.546,0.183,-0.292,-0.407,-0.146,0.352,0.129,-0.165,-0.519,-0.184,-0.182,-0.284,-0.570,-0.064,0.323,-0.278,-0.769,-0.230,0.449,0.005,0.265,1.433,1.684,0.096,-0.220,0.040,-0.339,-0.191,-0.249,-0.234,-0.822,-0.961,0.271,-0.101,-0.300,1.350,-0.204,0.051,-0.443,-0.441,-0.905,-0.865,0.104,0.248,-0.343,0.433,-0.790,-0.324,0.194,-0.246,0.411,0.712,-0.372,0.078,-0.128,-0.343,-0.668,-0.155,-0.248,0.010,-0.162,-0.016,-0.771,-0.829,0.435,-0.102,0.114,-0.037,-0.127,-0.597,0.077,0.536,0.147,-0.265,-0.021,-0.538,0.603,0.403,-0.094,0.303,0.576,0.305,-0.062,0.755,0.718,0.138,-0.700,-0.372,-0.356,-0.605,-0.154,-0.557,0.001,-0.617,0.437,0.560,-0.400,0.163,-0.016,-0.111,-0.426,-0.269,-0.763,0.250,0.428,0.677,-0.875,-0.482,-0.336,-0.127,-0.469,1.039,0.072,-0.591,-0.867,-0.011,0.769,0.176,0.024,-0.696,-0.745,0.323,-0.362,0.463,0.233,0.036,-0.505,-0.031,0.583,-0.027,0.373,-0.754,1.325,-0.176,-0.040,-0.068,0.601,-0.430,-0.108,0.396,0.500,-0.829,-0.379,-0.069,0.069,0.279,0.333,-0.168,-0.537,-0.195,0.016,-0.006,0.537,0.377,-0.038,-0.402,1.302,-0.441,0.239,-0.078,-0.448,0.953
-0.011,0.606,0.450,0.189,-0.083,-0.515,-0.220,0.294,-0.574,0.421,-0.129,-0.192,-0.280,0.148,0.803,-0.337,-0.467,-0.160,0.032,0.072,0.352,0.327,-0.064,0.581,0.108,-1.451,-0.307,-0.021,0.280,0.217,0.408,0.068,-0.456,0.299,-0.172,-0.174,0.378,0.290,0.559,-0.149,-0.374,0.070,-0.183,0.435,-0.057,0.076,-0.118,-0.092,0.082,-0.235,0.035,0.507,-0.349,-0.503,-0.189,0.542,0.220,-0.127,0.358,0.412,1.491,-0.321,0.134,0.428,-0.385,-0.192,-0.818,-0.225,-0.352,-1.328,0.164,-0.147,0.305,0.472,-0.052,-0.496,-0.577,-1.020,-0.967,-1.518,-0.502,0.477,0.371,1.160,0.865,-0.100,0.177,-0.117,-0.086,0.132,-0.698,0.181,0.031,-0.248,-0.166,-0.108,-0.095,-0.318,-0.073,-0.034,-0.060,-0.994,0.446,0.692,-0.618,-0.023,-0.024,-0.314,0.615,0.480,0.269,-0.187,0.127,-0.396,-0.987,-0.859,-0.663,0.325,0.237,0.073,0.126,-0.188,0.714,0.111,-0.781,-0.134,-0.940,-0.580,0.313,-0.066,-0.490,-0.998,0.361,0.525,-0.368,0.453,-0.639,-0.077,-0.282,0.469,0.090,-0.057,0.565,-0.001,-0.517,-0.840,-0.356,0.125,-1.050,0.025,0.186,-0.280,-0.657,-0.032,0.560,-0.132,-0.487,-0.544,0.602,-0.085,-0.701,-0.001,0.168,0.082,-1.459,-0.045,0.234,-0.162,0.249,-0.759,-0.540,0.285,0.429,0.511,-0.188,-0.208,0.051,-0.000,0.341,-0.172,-0.371,0.166,-0.127,0.561,-0.261,-0.276,-0.715,-0.574,0.151,-0.374,0.352,-0.445,-0.183,0.105,0.570,-0.431,0.205,0.727,-0.423,0.613
0.010,-0.562,0.438,-1.195,-0.726,-0.136,-0.240,-0.138,0.264,0.582,-0.098,-0.813,-0.379,0.020,-0.023,0.201,0.583,-0.069,-0.326,0.471,0.451,0.389,0.020,0.129,-0.808,-0.926,-0.149,-0.310,-0.175,-0.690,-0.458,-0.720,-0.581,-0.116,0.651,-0.184,0.646,0.486,-0.644,-0.445,0.062,0.610,-0.106,-0.474,-0.369,0.124,0.559,-0.026,-0.277,-0.436,0.218,0.642,0.195,-0.555,-1.126,0.257,0.079,-0.016,0.213,0.649,0.331,-0.502,-0.471,0.112,0.820,0.533,0.309,-0.301,0.397,1.128,0.689,-0.321,0.757,0.119,-0.115,0.035,0.104,-0.457,0.880,0.063,-0.162,-0.012,0.640,0.172,-0.116,0.309,0.088,-0.545,0.390,0.267,-0.555,0.104,0.001,0.251,0.776,0.735,-0.547,-0.799,-0.069,0.389,0.209,-0.347,0.084,-0.483,-0.668,0.019,0.022,-0.463,0.290,0.218,-0.137,-0.487,0.150,0.385,-0.394,-0.131,-0.013,0.470,-0.548,-0.474,0.124,-0.635,0.029,0.190,-0.205,-0.405,0.495,0.395,0.210,-0.834,0.622,-0.325,0.183,0.367,-0.382,0.403,-0.139,0.499,0.416,-0.161,-0.338,-0.374,-0.692,0.038,-0.293,0.967,0.143,0.305,-0.087,-0.381,-0.802,-0.131,-0.139,-0.044,-0.103,0.486,-0.006,-0.253,0.046,-0.126,0.461,0.617,-0.170,0.138,0.302,0.030,0.598,-0.206,0.268,0.254,0.826,-0.526,0.251,0.240,0.025,0.293,0.454,1.076,0.755,-0.075,-0.224,-0.175,-0.423,-0.537,0.186,-0.308,-0.630,-0.110,0.418,0.539,-0.001,0.313,0.329,-0.548,-1.318,-0.250,-0.113,0.178,-0.490,0.209
-0.542,-0.564,-0.128,0.241,0.146,-0.810,-0.028,-0.247,0.211,0.038,-0.569,0.339,-0.256,0.031,-0.107,-0.223,0.273,0.278,0.996,-0.857,0.658,0.708,-0.236,-0.530,-0.232,-2.020,-0.039,0.315,0.307,0.508,0.152,-0.426,-0.229,0.157,0.873,0.254,-0.004,-0.177,-0.172,0.260,-0.111,-0.017,-0.238,-0.725,0.202,0.065,0.979,-0.062,-0.771,-0.259,-0.194,0.036,-0.212,-0.476,0.113,0.736,0.133,-0.295,-0.087,-0.097,-0.449,-0.010,0.140,0.066,1.122,0.136,-0.241,-0.457,0.408,0.799,0.238,-0.597,0.531,-0.446,0.013,0.212,-0.510,-0.179,0.171,0.830,-0.114,0.369,0.144,-1.134,-0.100,0.113,0.418,-0.171,-0.774,-0.102,-0.323,0.213,-0.648,-0.076,0.456,0.467,0.851,-0.533,-0.601,0.325,-0.518,-1.367,0.440,0.048,0.555,0.206,0.532,0.285,0.165,-0.220,0.426,0.198,0.248,0.047,-0.427,-0.339,-0.033,-0.332,-0.340,0.126,0.356,-0.598,0.187,-0.167,0.927,-0.253,-0.575,0.027,0.154,-0.476,0.572,0.054,0.102,0.190,-0.239,-0.136,0.366,-0.091,-0.349,-0.007,-0.111,-0.994,-0.084,-0.142,-0.702,-0.124,0.020,0.848,0.830,-0.146,0.125,-0.296,-0.431,0.138,0.356,0.976,0.042,-0.119,-0.507,0.589,-1.094,0.110,-0.446,-0.288,0.251,0.611,-0.441,-0.081,0.448,-0.047,-0.386,-0.184,0.667,0.282,0.245,-0.254,-0.465,-0.226,0.051,0.155,-0.605,-0.167,-0.043,-0.004,-0.203,0.064,0.065,-0.326,0.667,-0.417,-0.294,-0.317,0.589,0.385,-1.857,-0.437,0.400,0.065,0.123,-0.199
0.040,-1.140,0.521,0.458,-0.472,-0.855,-0.026,0.578,0.654,0.588,-0.458,-0.066,0.184,-0.186,-0.428,0.743,0.062,-0.046,-0.262,0.650,0.596,-0.709,-1.892,0.364,-0.381,0.824,0.555,-0.107,-0.273,1.053,-0.289,-0.284,0.560,-0.507,-0.001,0.017,-0.028,0.520,-1.114,-0.358,0.138,-0.189,0.369,-0.217,-0.245,-0.074,0.018,-0.038,0.300,-0.454,0.351,-0.186,0.370,0.658,0.462,0.124,-0.420,-0.004,0.163,-0.716,-0.435,-0.653,-0.485,-0.444,0.761,1.142,0.460,0.168,0.414,0.686,0.589,0.248,-0.599,-0.573,0.114,-0.303,0.336,0.556,0.244,0.314,-0.236,0.116,0.206,-0.090,-0.188,0.226,-0.060,0.026,-0.055,-0.119,-0.046,-0.015,0.013,0.353,0.795,-0.034,-1.033,-0.401,-0.603,-0.412,0.883,0.983,-0.013,-0.130,-0.040,0.941,0.539,0.399,-0.319,-0.041,-0.081,0.131,0.595,0.572,-0.078,-0.231,0.403,0.303,-0.562,0.106,-0.323,0.671,-0.927,0.159,-0.763,0.444,-0.004,0.819,-0.077,-0.119,0.838,-0.280,-0.002,-0.354,0.064,-0.502,-0.441,-0.008,0.086,0.637,-0.685,-0.415,-0.240,0.196,0.252,0.581,0.357,0.447,-0.228,-1.249,0.109,0.111,0.075,0.414,0.084,1.105,0.270,0.327,0.823,0.187,0.555,0.275,0.044,0.240,0.036,-0.516,0.988,-0.503,-0.324,0.665,2.721,0.173,-0.625,-0.816,-0.839,-0.117,0.449,-0.521,0.082,-0.100,-0.249,0.061,-0.262,-0.338,-0.108,-0.170,0.252,-0.220,0.280,0.348,0.036,0.480,0.279,-0.196,-1.194,0.291,-0.501,-0.718,-0.839,-1.104
0.175,-1.360,-0.186,0.128,0.115,0.434,-0.038,0.247,0.211,-0.114,-0.221,-0.482,0.214,0.233,0.636,-0.458,-0.675,-0.102,0.087,0.343,0.007,-0.440,0.004,-0.119,-0.156,0.501,0.088,-0.004,-0.191,0.031,-0.033,0.636,0.637,0.825,-0.416,-1.355,-0.740,-0.414,-0.860,0.524,0.446,-0.205,0.004,0.007,0.372,-0.057,0.039,-0.104,0.350,-0.148,0.212,-0.182,0.095,0.170,-1.168,-0.477,-0.091,-0.239,0.273,0.848,0.559,0.295,-0.096,-0.313,-0.712,-0.026,-0.403,0.077,0.167,0.454,-0.106,0.936,0.354,0.048,0.474,0.003,-0.048,0.392,0.103,-0.657,-0.750,-0.719,0.165,1.189,0.653,-0.156,-0.057,0.301,-0.100,-0.048,-0.535,0.380,0.019,-0.570,0.044,-0.232,-0.130,-0.302,0.089,-0.811,-0.415,0.218,-0.031,0.405,0.398,-0.315,-0.201,-0.209,-0.760,0.509,0.533,0.154,0.245,0.640,-0.909,0.152,-0.650,0.228,-0.222,0.177,-0.205,-0.689,0.168,0.157,-0.322,0.286,-0.432,-0.083,0.094,-0.193,-1.164,0.802,0.022,-0.309,0.050,-0.238,-0.015,-0.388,-0.076,0.236,0.194,-0.051,0.513,0.361,0.499,-0.843,0.123,-0.384,0.896,-1.153,-0.373,-0.169,-0.281,0.065,0.190,-0.859,0.201,0.509,0.035,-0.287,0.256,-0.855,0.247,0.304,-0.796,0.029,-0.136,0.052,-0.378,0.561,0.097,0.871,0.050,0.179,0.383,0.258,1.817,-0.036,0.471,-0.196,0.298,0.698,0.431,-0.783,-0.036,-0.352,-0.505,-0.002,-0.173,0.011,-0.163,-0.620,-0.052,-0.411,0.307,-0.136,0.354,-0.357,0.342,-1.141
0.468,-0.433,-0.298,-0.847,-0.253,0.371,-0.295,0.411,0.157,-0.375,-0.001,-0.108,-0.174,-0.174,-0.005,0.235,-0.144,-0.123,-0.511,-0.387,-0.180,-0.218,-0.245,0.425,0.692,0.186,0.323,0.318,-0.402,0.998,-0.140,-0.289,-0.165,0.486,0.550,-0.374,0.833,0.622,-0.881,-0.279,-0.044,-0.295,0.331,0.149,0.079,0.167,0.144,-0.205,-0.141,-0.331,-0.334,-0.159,-0.257,-0.353,2.862,-0.340,-0.292,-0.055,0.251,0.865,-0.160,-0.552,-0.054,-0.120,-0.626,0.314,-0.019,-0.231,-0.125,0.191,0.608,0.466,0.077,0.216,-0.244,-0.028,-0.173,0.351,1.388,-0.813,-0.225,-0.147,0.431,1.695,0.567,-0.359,-0.103,-0.093,0.430,0.080,-0.065,-0.215,0.045,0.236,0.199,-0.233,-1.120,0.002,-0.085,-0.332,1.054,0.483,-0.584,-0.505,-0.157,0.065,0.517,-0.049,-0.308,0.469,-0.184,0.548,0.067,0.577,-0.013,-0.282,0.835,0.561,-0.214,0.049,-0.251,0.803,-2.021,-0.316,-0.899,0.507,0.322,0.198,-0.368,-0.530,0.463,-0.071,0.253,-0.239,-0.154,0.134,-0.121,0.591,-0.206,0.453,-0.451,-0.487,-0.205,0.111,0.203,0.382,0.751,-1.002,0.218,0.122,0.511,-0.092,-0.247,0.189,0.959,-0.214,0.160,0.608,0.010,0.023,0.503,0.148,-0.015,0.272,0.456,-0.266,0.787,-0.768,0.129,-0.906,1.823,-0.736,-1.206,-1.204,-0.593,-0.107,0.888,0.439,-0.694,-0.500,0.233,0.534,-0.121,0.263,0.282,-0.081,0.130,-0.263,0.038,1.098,0.140,0.189,-0.111,-0.484,-0.406,-0.077,-0.865,-0.316,-1.174,0.658
0.867,-0.077,0.063,0.300,0.180,-0.090,0.216,0.448,-0.313,-0.928,-0.330,-0.180,0.210,0.206,0.360,0.025,-0.635,-0.712,-0.730,0.189,-0.784,-0.624,0.582,0.169,0.694,-0.344,0.890,0.711,-0.653,0.716,0.741,0.233,0.286,0.916,0.113,-0.619,0.016,-0.272,-0.121,-0.820,-0.825,0.003,0.472,0.157,0.150,0.015,-1.009,-0.029,0.314,-0.092,0.132,-0.618,-0.286,0.007,1.452,-0.148,0.057,-1.028,0.306,0.029,-0.235,-0.325,0.204,0.131,-1.247,0.952,-0.365,0.204,-0.204,0.216,0.508,0.030,-0.098,0.625,0.108,0.352,-0.713,0.123,0.868,-0.721,0.186,-0.695,0.045,1.089,0.687,-0.104,-0.411,0.023,0.353,0.074,-0.327,-0.113,0.088,0.344,-0.616,0.141,-0.503,-0.019,-0.028,-0.289,0.943,0.949,0.368,0.066,-0.819,-0.139,0.253,0.144,-0.632,0.319,0.424,0.103,-0.207,-0.105,-0.465,-1.348,-0.010,0.302,0.307,0.086,-0.076,-0.074,0.246,-0.215,-0.971,-0.218,0.492,0.742,0.731,0.552,-0.318,-0.081,0.275,0.020,-0.330,0.024,-0.285,0.179,-0.217,0.361,-0.649,-0.217,0.179,-0.452,-0.102,-0.291,0.294,-0.752,0.034,0.208,-0.405,0.406,-0.382,-0.342,0.335,-0.773,0.078,0.576,0.677,0.030,0.468,-0.415,0.024,-0.138,-0.380,-0.865,0.330,-0.471,0.186,-0.444,0.243,0.959,0.754,-0.326,-0.771,-0.059,0.797,-0.170,0.673,-0.340,0.336,0.373,0.352,0.462,0.289,-0.414,0.059,-0.272,-0.655,0.250,-0.513,-0.380,-0.167,-0.021,-0.447,-0.478,-0.310,0.040,-0.516,0.336
0.435,0.469,0.017,0.479,-0.022,-0.030,0.456,0.282,-0.084,-0.716,-0.072,0.170,-0.108,0.255,0.271,-0.229,-0.587,-0.579,-0.359,0.071,-0.377,-0.683,0.470,-0.096,0.895,-0.424,0.868,0.926,-0.577,0.943,-0.573,0.177,0.486,0.554,0.046,-0.081,0.202,0.288,-0.537,-0.448,-0.531,0.084,0.190,0.384,0.575,-0.100,-0.695,-0.186,-0.038,-0.149,0.030,-0.584,0.023,0.033,1.663,0.124,-0.182,-0.557,0.482,0.681,0.908,-0.175,-0.133,-0.324,-1.460,0.634,-0.088,-0.098,-0.346,0.342,0.380,0.053,-0.288,0.699,0.079,-0.011,-0.595,0.555,0.244,-0.783,0.156,-0.796,0.587,1.052,0.111,-0.174,-0.055,-0.042,0.028,0.142,-0.010,-0.200,-0.123,0.133,-0.674,0.106,-0.408,0.289,-0.054,-0.306,0.515,0.165,0.263,0.165,-0.394,-0.166,0.660,-0.141,-0.992,-0.047,0.373,0.092,0.054,0.187,-0.096,-0.354,0.336,0.896,0.307,0.026,-0.124,0.714,-1.441,-0.235,-1.396,0.395,1.015,0.523,0.011,0.145,-0.242,-0.217,0.397,0.083,-0.519,-0.124,-0.382,-0.226,-0.327,0.769,-1.275,-0.172,0.241,0.063,-0.607,-0.075,-0.023,-0.779,-0.370,0.846,-0.047,-0.350,-0.631,0.335,0.415,-0.188,0.616,0.514,0.425,0.719,0.480,0.052,-0.192,0.435,-0.085,-0.455,0.979,-0.592,0.405,-0.247,1.105,-0.237,0.180,-0.672,-0.776,-0.167,1.016,0.151,0.225,-0.250,-0.050,0.617,0.205,0.368,-0.051,-0.298,0.082,-0.190,-0.070,0.641,-0.439,-0.057,-0.356,-0.047,-0.017,-0.635,-0.761,-0.140,-0.892,0.967
0.319,0.114,0.059,-0.428,-0.730,-0.327,-0.748,0.157,-0.571,-0.452,0.148,0.066,-0.045,0.361,0.815,-0.977,-1.066,-0.152,0.183,0.017,0.534,0.635,0.504,0.511,-0.016,0.159,0.261,0.170,-0.293,0.473,0.534,-0.052,-1.055,0.614,-0.400,-0.330,-0.127,0.028,0.488,-0.293,-0.091,-0.287,0.010,0.323,-0.109,-0.039,0.249,0.135,-0.038,-0.542,-0.567,-0.506,-0.745,-0.135,0.623,0.401,0.137,-0.063,-0.062,-0.093,1.530,-0.345,0.258,0.193,-0.897,-0.020,-0.812,-0.456,0.049,-0.723,-0.035,-0.237,0.508,0.529,-0.404,-0.330,-0.625,-0.634,0.652,-0.293,-0.702,0.299,-0.141,0.896,0.386,-0.352,0.374,-0.067,-0.065,-0.149,-0.747,0.374,-0.165,-0.050,-0.718,-0.128,0.744,-0.156,0.536,-0.121,0.351,-0.442,0.301,0.513,-0.284,-0.883,0.155,-0.970,0.284,0.084,0.246,0.198,-0.816,0.000,-0.138,-0.417,-0.164,0.075,0.215,0.043,0.277,-0.873,0.177,0.128,0.360,0.325,-0.381,-0.069,0.196,-0.510,-0.441,-0.352,0.360,0.467,-0.258,-0.098,-0.404,-0.118,-0.318,0.266,0.653,-0.248,0.343,0.005,0.098,-0.677,-0.097,0.302,0.929,-0.059,0.031,-0.005,-0.409,0.183,1.554,-0.652,-0.268,0.021,0.356,-0.997,0.284,-0.389,0.169,0.240,-1.037,0.086,-0.218,-0.199,0.111,0.451,-0.128,0.763,0.457,0.641,-0.480,-0.297,0.713,0.014,0.388,-0.273,-0.330,0.240,-0.329,0.306,-0.037,-0.552,-0.301,-0.495,-0.434,0.271,0.264,-0.661,-0.250,0.274,0.221,-0.512,0.753,0.766,-0.223,0.288
-1.110,0.048,0.479,1.012,0.234,-0.804,0.558,0.181,0.058,0.554,-0.049,-0.199,0.290,-0.109,-0.791,0.101,-0.012,-0.039,0.111,-0.197,1.205,0.543,-0.614,-0.422,0.015,-2.285,0.082,-0.085,0.565,0.819,0.116,0.052,0.345,-0.546,0.847,-0.001,-0.061,0.097,-0.645,0.260,-0.529,0.837,-0.471,-0.302,0.157,-0.022,0.144,0.219,-0.091,0.077,0.143,0.175,0.541,0.049,-0.221,0.418,0.424,-0.305,0.176,0.293,-1.821,0.004,-0.292,0.371,1.074,-0.477,-0.407,-0.249,0.125,0.133,0.213,0.135,0.098,0.280,0.162,0.118,-0.416,0.280,-0.765,-0.101,0.285,0.531,0.117,-1.889,1.253,0.560,0.048,-0.044,-0.618,-0.185,-0.454,0.656,-0.258,-0.577,0.882,0.259,0.585,-0.773,-0.593,-0.484,-0.896,-1.770,0.250,0.360,0.010,0.229,0.259,0.320,0.157,0.220,-0.096,-0.130,0.407,-0.002,-0.978,-0.429,-0.519,0.148,-0.510,0.239,0.065,-0.355,0.803,-0.054,0.072,-0.733,-1.349,-0.174,0.057,0.170,-0.098,-0.438,0.330,-0.162,-0.522,1.298,0.455,-0.038,0.040,-0.131,-0.449,-0.575,0.502,-0.120,-0.154,0.234,0.074,0.090,-0.008,0.140,-1.088,-0.961,-0.692,0.329,0.132,0.615,0.023,-0.476,0.243,-0.019,-0.656,0.292,0.205,0.355,-0.070,0.323,0.343,0.311,0.191,0.072,-1.218,0.651,0.385,0.111,0.172,-0.187,-0.002,-0.447,-0.001,0.382,-0.755,0.610,0.325,-0.177,-0.414,-0.181,-0.445,-0.231,0.593,-1.285,-0.650,-0.695,0.535,-0.099,-0.882,-0.196,0.467,0.291,0.116,-0.319
